Workbook

Sheet Summary
A1: PC-2 breadboard kit: parts cost
A2: AUD including GST, cheapest suitable source per line, prices checked 2026-10-24. Freight, PCBs and packaging not included.
B4: Tier 1 | C4: Tier 2 | D4: Tier 3
A5: Kits bought | B5: =Assumptions!$B$4 -> 1 | C5: =Assumptions!$B$5 -> 10 | D5: =Assumptions!$B$6 -> 100
A6: Parts cost per kit | B6: =BOM!H55 -> 655.3066 | C6: =BOM!I55 -> 509.5845 | D6: =BOM!J55 -> 478.27793
A7: Parts cost for the whole order | B7: =B6*B5 -> 655.3066 | C7: =C6*C5 -> 5095.845 | D7: =D6*D5 -> 47827.793
A8: Lines with one suitable source | B8: =COUNTIF(BOM!G2:G54,1) -> 11
A9: Lines with no price | B9: =COUNTIF(BOM!G2:G54,0) -> 0
A11: Cost by group (per kit)
A12: Group | B12: Tier 1 | C12: Tier 2 | D12: Tier 3
A13: Logic (74HCT) | B13: =SUMIFS(BOM!H2:H54,BOM!B2:B54,$A13) -> 60.031 | C13: =SUMIFS(BOM!I2:I54,BOM!B2:B54,$A13) -> 42.7365 | D13: =SUMIFS(BOM!J2:J54,BOM!B2:B54,$A13) -> 36.4142
A14: Timer | B14: =SUMIFS(BOM!H2:H54,BOM!B2:B54,$A14) -> 3 | C14: =SUMIFS(BOM!I2:I54,BOM!B2:B54,$A14) -> 2.6224 | D14: =SUMIFS(BOM!J2:J54,BOM!B2:B54,$A14) -> 2.0284
A15: Memory | B15: =SUMIFS(BOM!H2:H54,BOM!B2:B54,$A15) -> 96.987 | C15: =SUMIFS(BOM!I2:I54,BOM!B2:B54,$A15) -> 92.763 | D15: =SUMIFS(BOM!J2:J54,BOM!B2:B54,$A15) -> 89.771
A16: Semiconductors | B16: =SUMIFS(BOM!H2:H54,BOM!B2:B54,$A16) -> 1.6588 | C16: =SUMIFS(BOM!I2:I54,BOM!B2:B54,$A16) -> 1.0472 | D16: =SUMIFS(BOM!J2:J54,BOM!B2:B54,$A16) -> 0.6512
A17: Display | B17: =SUMIFS(BOM!H2:H54,BOM!B2:B54,$A17) -> 14.564 | C17: =SUMIFS(BOM!I2:I54,BOM!B2:B54,$A17) -> 10.252 | D17: =SUMIFS(BOM!J2:J54,BOM!B2:B54,$A17) -> 7.964
A18: Indicators | B18: =SUMIFS(BOM!H2:H54,BOM!B2:B54,$A18) -> 39.4768 | C18: =SUMIFS(BOM!I2:I54,BOM!B2:B54,$A18) -> 28.985 | D18: =SUMIFS(BOM!J2:J54,BOM!B2:B54,$A18) -> 28.985
A19: Resistors | B19: =SUMIFS(BOM!H2:H54,BOM!B2:B54,$A19) -> 11.3982 | C19: =SUMIFS(BOM!I2:I54,BOM!B2:B54,$A19) -> 7.3227 | D19: =SUMIFS(BOM!J2:J54,BOM!B2:B54,$A19) -> 6.4427
A20: Capacitors | B20: =SUMIFS(BOM!H2:H54,BOM!B2:B54,$A20) -> 18.9285 | C20: =SUMIFS(BOM!I2:I54,BOM!B2:B54,$A20) -> 13.659 | D20: =SUMIFS(BOM!J2:J54,BOM!B2:B54,$A20) -> 11.1485
A21: Controls | B21: =SUMIFS(BOM!H2:H54,BOM!B2:B54,$A21) -> 3.9373 | C21: =SUMIFS(BOM!I2:I54,BOM!B2:B54,$A21) -> 3.2465 | D21: =SUMIFS(BOM!J2:J54,BOM!B2:B54,$A21) -> 3.065
A22: Switches | B22: =SUMIFS(BOM!H2:H54,BOM!B2:B54,$A22) -> 19.356 | C22: =SUMIFS(BOM!I2:I54,BOM!B2:B54,$A22) -> 16.987 | D22: =SUMIFS(BOM!J2:J54,BOM!B2:B54,$A22) -> 15.5108
A23: Build | B23: =SUMIFS(BOM!H2:H54,BOM!B2:B54,$A23) -> 357.709 | C23: =SUMIFS(BOM!I2:I54,BOM!B2:B54,$A23) -> 262.7218 | D23: =SUMIFS(BOM!J2:J54,BOM!B2:B54,$A23) -> 249.54193
A24: Power | B24: =SUMIFS(BOM!H2:H54,BOM!B2:B54,$A24) -> 18.115 | C24: =SUMIFS(BOM!I2:I54,BOM!B2:B54,$A24) -> 17.7454 | D24: =SUMIFS(BOM!J2:J54,BOM!B2:B54,$A24) -> 17.5892
A25: Programmer | B25: =SUMIFS(BOM!H2:H54,BOM!B2:B54,$A25) -> 10.145 | C25: =SUMIFS(BOM!I2:I54,BOM!B2:B54,$A25) -> 9.496 | D25: =SUMIFS(BOM!J2:J54,BOM!B2:B54,$A25) -> 9.166

Sheet Assumptions
A1: PC-2 kit costed BOM: assumptions
A3: GST rate | B3: 0.1 | C3: Australian GST. Added to every price recorded as ex-GST.
A4: Kits in tier 1 | B4: 1 | C4: Buying for one kit (the prototype).
A5: Kits in tier 2 | B5: 10 | C5: A small first batch.
A6: Kits in tier 3 | B6: 100 | C6: A production batch.
A7: Prices checked | B7: 2026-10-24 | C7: Every price was read from the supplier's product page on this date.
A10: How costs are worked out
A11: 1. Each line's quantity per kit is multiplied by the kits in the tier, then rounded up to whole packs.
A12: 2. A supplier's quantity-break price is used only when the packs bought reach that break; otherwise the next lower price applies.
A13: 3. All prices are converted to AUD including GST.
A14: 4. For each line, the cheapest suitable source at each tier is chosen. Freight is not included.
A16: GST assumptions to confirm
A17: - Mouser Australia pages state no GST treatment; their prices are assumed ex-GST.
A18: - Jaycar pages state no GST treatment; their prices are assumed GST-inclusive (retail).
A19: - element14 and DigiKey list ex-GST prices; Core Electronics prices are recorded as each record's incl_gst flag says.
A21: Not included
A22: - PCBs, IC sockets, packaging, printed book, freight, merchant fees and labour.
A24: Editing
... A26: - On the Prices sheet, set Suitable to N to drop a source from costing.

Sheet BOM
A1: ID | B1: Group | C1: Part | D1: Description | E1: Qty per kit | F1: Used in | G1: Suitable sources | H1: Cost per kit @T1 | I1: Cost per kit @T2 | J1: Cost per kit @T3 | K1: Cheapest @T1 | L1: Cheapest @T3 | M1: Flag
A2: H00 | B2: Logic (74HCT) | C2: 74HCT00 | D2: Quad NAND, DIP-14 | E2: 1 | F2: see netlist | G2: =COUNTIFS(Prices!$A$2:$A$106,$A2,Prices!$L$2:$L$106,"Y",Prices!$E$2:$E$106,">0") -> 2 | H2: =_xlfn.MINIFS(Prices!$W$2:$W$106,Prices!$A$2:$A$106,$A2,Prices!$L$2:$L$106,"Y",Prices!$W$2:$W$106,">0") -> 1.265 | I2: =_xlfn.MINIFS(Prices!$X$2:$X$106,Prices!$A$2:$A$106,$A2,Prices!$L$2:$L$106,"Y",Prices!$X$2:$X$106,">0") -> 0.9031 | J2: =_xlfn.MINIFS(Prices!$Y$2:$Y$106,Prices!$A$2:$A$106,$A2,Prices!$L$2:$L$106,"Y",Prices!$Y$2:$Y$106,">0") -> 0.7117 | K2: =IFERROR(INDEX(Prices!$B$2:$B$106,MATCH($A2&"|"&TEXT($H2,"0.0000")&"|Y",Prices!$Z$2:$Z$106,0)),"none") -> Mouser Australia | L2: =IFERROR(INDEX(Prices!$B$2:$B$106,MATCH($A2&"|"&TEXT($J2,"0.0000")&"|Y",Prices!$AA$2:$AA$106,0)),"none") -> Mouser Australia | M2: =IF($G2=0,"NO PRICE",IF($G2=1,"Single source",""))
A3: H02 | B3: Logic (74HCT) | C3: 74HCT02 | D3: Quad NOR, DIP-14 | E3: 1 | F3: see netlist | G3: =COUNTIFS(Prices!$A$2:$A$106,$A3,Prices!$L$2:$L$106,"Y",Prices!$E$2:$E$106,">0") -> 2 | H3: =_xlfn.MINIFS(Prices!$W$2:$W$106,Prices!$A$2:$A$106,$A3,Prices!$L$2:$L$106,"Y",Prices!$W$2:$W$106,">0") -> 0.55 | I3: =_xlfn.MINIFS(Prices!$X$2:$X$106,Prices!$A$2:$A$106,$A3,Prices!$L$2:$L$106,"Y",Prices!$X$2:$X$106,">0") -> 0.5 | J3: =_xlfn.MINIFS(Prices!$Y$2:$Y$106,Prices!$A$2:$A$106,$A3,Prices!$L$2:$L$106,"Y",Prices!$Y$2:$Y$106,">0") -> 0.45 | K3: =IFERROR(INDEX(Prices!$B$2:$B$106,MATCH($A3&"|"&TEXT($H3,"0.0000")&"|Y",Prices!$Z$2:$Z$106,0)),"none") -> Wiltronics (AU) | L3: =IFERROR(INDEX(Prices!$B$2:$B$106,MATCH($A3&"|"&TEXT($J3,"0.0000")&"|Y",Prices!$AA$2:$AA$106,0)),"none") -> Wiltronics (AU) | M3: =IF($G3=0,"NO PRICE",IF($G3=1,"Single source",""))
A4: H04 | B4: Logic (74HCT) | C4: 74HCT04 | D4: Hex inverter, DIP-14 | E4: 2 | F4: see netlist | G4: =COUNTIFS(Prices!$A$2:$A$106,$A4,Prices!$L$2:$L$106,"Y",Prices!$E$2:$E$106,">0") -> 2 | H4: =_xlfn.MINIFS(Prices!$W$2:$W$106,Prices!$A$2:$A$106,$A4,Prices!$L$2:$L$106,"Y",Prices!$W$2:$W$106,">0") -> 1.32 | I4: =_xlfn.MINIFS(Prices!$X$2:$X$106,Prices!$A$2:$A$106,$A4,Prices!$L$2:$L$106,"Y",Prices!$X$2:$X$106,">0") -> 1.2 | J4: =_xlfn.MINIFS(Prices!$Y$2:$Y$106,Prices!$A$2:$A$106,$A4,Prices!$L$2:$L$106,"Y",Prices!$Y$2:$Y$106,">0") -> 0.96 | K4: =IFERROR(INDEX(Prices!$B$2:$B$106,MATCH($A4&"|"&TEXT($H4,"0.0000")&"|Y",Prices!$Z$2:$Z$106,0)),"none") -> Wiltronics (AU) | L4: =IFERROR(INDEX(Prices!$B$2:$B$106,MATCH($A4&"|"&TEXT($J4,"0.0000")&"|Y",Prices!$AA$2:$AA$106,0)),"none") -> Wiltronics (AU) | M4: =IF($G4=0,"NO PRICE",IF($G4=1,"Single source",""))
A5: H08 | B5: Logic (74HCT) | C5: 74HCT08 | D5: Quad AND, DIP-14 | E5: 2 | F5: see netlist | G5: =COUNTIFS(Prices!$A$2:$A$106,$A5,Prices!$L$2:$L$106,"Y",Prices!$E$2:$E$106,">0") -> 3 | H5: =_xlfn.MINIFS(Prices!$W$2:$W$106,Prices!$A$2:$A$106,$A5,Prices!$L$2:$L$106,"Y",Prices!$W$2:$W$106,">0") -> 3.014 | I5: =_xlfn.MINIFS(Prices!$X$2:$X$106,Prices!$A$2:$A$106,$A5,Prices!$L$2:$L$106,"Y",Prices!$X$2:$X$106,">0") -> 1.958 | J5: =_xlfn.MINIFS(Prices!$Y$2:$Y$106,Prices!$A$2:$A$106,$A5,Prices!$L$2:$L$106,"Y",Prices!$Y$2:$Y$106,">0") -> 1.6258 | K5: =IFERROR(INDEX(Prices!$B$2:$B$106,MATCH($A5&"|"&TEXT($H5,"0.0000")&"|Y",Prices!$Z$2:$Z$106,0)),"none") -> element14 Australia | L5: =IFERROR(INDEX(Prices!$B$2:$B$106,MATCH($A5&"|"&TEXT($J5,"0.0000")&"|Y",Prices!$AA$2:$AA$106,0)),"none") -> element14 Australia | M5: =IF($G5=0,"NO PRICE",IF($G5=1,"Single source",""))
A6: H32 | B6: Logic (74HCT) | C6: 74HCT32 | D6: Quad OR, DIP-14 | E6: 1 | F6: see netlist | G6: =COUNTIFS(Prices!$A$2:$A$106,$A6,Prices!$L$2:$L$106,"Y",Prices!$E$2:$E$106,">0") -> 3 | H6: =_xlfn.MINIFS(Prices!$W$2:$W$106,Prices!$A$2:$A$106,$A6,Prices!$L$2:$L$106,"Y",Prices!$W$2:$W$106,">0") -> 0.66 | I6: =_xlfn.MINIFS(Prices!$X$2:$X$106,Prices!$A$2:$A$106,$A6,Prices!$L$2:$L$106,"Y",Prices!$X$2:$X$106,">0") -> 0.6 | J6: =_xlfn.MINIFS(Prices!$Y$2:$Y$106,Prices!$A$2:$A$106,$A6,Prices!$L$2:$L$106,"Y",Prices!$Y$2:$Y$106,">0") -> 0.48 | K6: =IFERROR(INDEX(Prices!$B$2:$B$106,MATCH($A6&"|"&TEXT($H6,"0.0000")&"|Y",Prices!$Z$2:$Z$106,0)),"none") -> Wiltronics (AU) | L6: =IFERROR(INDEX(Prices!$B$2:$B$106,MATCH($A6&"|"&TEXT($J6,"0.0000")&"|Y",Prices!$AA$2:$AA$106,0)),"none") -> Wiltronics (AU) | M6: =IF($G6=0,"NO PRICE",IF($G6=1,"Single source",""))
A7: H86 | B7: Logic (74HCT) | C7: 74HCT86 | D7: Quad XOR, DIP-14 | E7: 2 | F7: see netlist | G7: =COUNTIFS(Prices!$A$2:$A$106,$A7,Prices!$L$2:$L$106,"Y",Prices!$E$2:$E$106,">0") -> 1 | H7: =_xlfn.MINIFS(Prices!$W$2:$W$106,Prices!$A$2:$A$106,$A7,Prices!$L$2:$L$106,"Y",Prices!$W$2:$W$106,">0") -> 3.608 | I7: =_xlfn.MINIFS(Prices!$X$2:$X$106,Prices!$A$2:$A$106,$A7,Prices!$L$2:$L$106,"Y",Prices!$X$2:$X$106,">0") -> 2.574 | J7: =_xlfn.MINIFS(Prices!$Y$2:$Y$106,Prices!$A$2:$A$106,$A7,Prices!$L$2:$L$106,"Y",Prices!$Y$2:$Y$106,">0") -> 2.0328 | K7: =IFERROR(INDEX(Prices!$B$2:$B$106,MATCH($A7&"|"&TEXT($H7,"0.0000")&"|Y",Prices!$Z$2:$Z$106,0)),"none") -> Mouser Australia | L7: =IFERROR(INDEX(Prices!$B$2:$B$106,MATCH($A7&"|"&TEXT($J7,"0.0000")&"|Y",Prices!$AA$2:$AA$106,0)),"none") -> Mouser Australia | M7: =IF($G7=0,"NO PRICE",IF($G7=1,"Single source","")) -> Single source
A8: H107 | B8: Logic (74HCT) | C8: 74HCT107 (CD74HCT107E) | D8: Dual JK flip-flop, DIP-14 | E8: 1 | F8: see netlist | G8: =COUNTIFS(Prices!$A$2:$A$106,$A8,Prices!$L$2:$L$106,"Y",Prices!$E$2:$E$106,">0") -> 1 | H8: =_xlfn.MINIFS(Prices!$W$2:$W$106,Prices!$A$2:$A$106,$A8,Prices!$L$2:$L$106,"Y",Prices!$W$2:$W$106,">0") -> 4.642 | I8: =_xlfn.MINIFS(Prices!$X$2:$X$106,Prices!$A$2:$A$106,$A8,Prices!$L$2:$L$106,"Y",Prices!$X$2:$X$106,">0") -> 3.476 | J8: =_xlfn.MINIFS(Prices!$Y$2:$Y$106,Prices!$A$2:$A$106,$A8,Prices!$L$2:$L$106,"Y",Prices!$Y$2:$Y$106,">0") -> 2.838 | K8: =IFERROR(INDEX(Prices!$B$2:$B$106,MATCH($A8&"|"&TEXT($H8,"0.0000")&"|Y",Prices!$Z$2:$Z$106,0)),"none") -> Mouser Australia | L8: =IFERROR(INDEX(Prices!$B$2:$B$106,MATCH($A8&"|"&TEXT($J8,"0.0000")&"|Y",Prices!$AA$2:$AA$106,0)),"none") -> Mouser Australia | M8: =IF($G8=0,"NO PRICE",IF($G8=1,"Single source","")) -> Single source
A9: H138 | B9: Logic (74HCT) | C9: 74HCT138 | D9: 3-to-8 decoder, DIP-16 | E9: 1 | F9: see netlist | G9: =COUNTIFS(Prices!$A$2:$A$106,$A9,Prices!$L$2:$L$106,"Y",Prices!$E$2:$E$106,">0") -> 2 | H9: =_xlfn.MINIFS(Prices!$W$2:$W$106,Prices!$A$2:$A$106,$A9,Prices!$L$2:$L$106,"Y",Prices!$W$2:$W$106,">0") -> 1.1 | I9: =_xlfn.MINIFS(Prices!$X$2:$X$106,Prices!$A$2:$A$106,$A9,Prices!$L$2:$L$106,"Y",Prices!$X$2:$X$106,">0") -> 0.99 | J9: =_xlfn.MINIFS(Prices!$Y$2:$Y$106,Prices!$A$2:$A$106,$A9,Prices!$L$2:$L$106,"Y",Prices!$Y$2:$Y$106,">0") -> 0.79 | K9: =IFERROR(INDEX(Prices!$B$2:$B$106,MATCH($A9&"|"&TEXT($H9,"0.0000")&"|Y",Prices!$Z$2:$Z$106,0)),"none") -> Wiltronics (AU) | L9: =IFERROR(INDEX(Prices!$B$2:$B$106,MATCH($A9&"|"&TEXT($J9,"0.0000")&"|Y",Prices!$AA$2:$AA$106,0)),"none") -> Wiltronics (AU) | M9: =IF($G9=0,"NO PRICE",IF($G9=1,"Single source",""))
A10: H139 | B10: Logic (74HCT) | C10: 74HCT139 | D10: Dual 2-to-4 decoder, DIP-16 | E10: 2 | F10: see netlist | G10: =COUNTIFS(Prices!$A$2:$A$106,$A10,Prices!$L$2:$L$106,"Y",Prices!$E$2:$E$106,">0") -> 1 | H10: =_xlfn.MINIFS(Prices!$W$2:$W$106,Prices!$A$2:$A$106,$A10,Prices!$L$2:$L$106,"Y",Prices!$W$2:$W$106,">0") -> 3.388 | I10: =_xlfn.MINIFS(Prices!$X$2:$X$106,Prices!$A$2:$A$106,$A10,Prices!$L$2:$L$106,"Y",Prices!$X$2:$X$106,">0") -> 2.42 | J10: =_xlfn.MINIFS(Prices!$Y$2:$Y$106,Prices!$A$2:$A$106,$A10,Prices!$L$2:$L$106,"Y",Prices!$Y$2:$Y$106,">0") -> 1.9338 | K10: =IFERROR(INDEX(Prices!$B$2:$B$106,MATCH($A10&"|"&TEXT($H10,"0.0000")&"|Y",Prices!$Z$2:$Z$106,0)),"none") -> Mouser Australia | L10: =IFERROR(INDEX(Prices!$B$2:$B$106,MATCH($A10&"|"&TEXT($J10,"0.0000")&"|Y",Prices!$AA$2:$AA$106,0)),"none") -> Mouser Australia | M10: =IF($G10=0,"NO PRICE",IF($G10=1,"Single source","")) -> Single source
A11: H157 | B11: Logic (74HCT) | C11: 74HCT157 | D11: Quad 2-to-1 mux, DIP-16 | E11: 2 | F11: see netlist | G11: =COUNTIFS(Prices!$A$2:$A$106,$A11,Prices!$L$2:$L$106,"Y",Prices!$E$2:$E$106,">0") -> 2 | H11: =_xlfn.MINIFS(Prices!$W$2:$W$106,Prices!$A$2:$A$106,$A11,Prices!$L$2:$L$106,"Y",Prices!$W$2:$W$106,">0") -> 3.454 | I11: =_xlfn.MINIFS(Prices!$X$2:$X$106,Prices!$A$2:$A$106,$A11,Prices!$L$2:$L$106,"Y",Prices!$X$2:$X$106,">0") -> 2.442 | J11: =_xlfn.MINIFS(Prices!$Y$2:$Y$106,Prices!$A$2:$A$106,$A11,Prices!$L$2:$L$106,"Y",Prices!$Y$2:$Y$106,">0") -> 1.9778 | K11: =IFERROR(INDEX(Prices!$B$2:$B$106,MATCH($A11&"|"&TEXT($H11,"0.0000")&"|Y",Prices!$Z$2:$Z$106,0)),"none") -> Mouser Australia | L11: =IFERROR(INDEX(Prices!$B$2:$B$106,MATCH($A11&"|"&TEXT($J11,"0.0000")&"|Y",Prices!$AA$2:$AA$106,0)),"none") -> Mouser Australia | M11: =IF($G11=0,"NO PRICE",IF($G11=1,"Single source",""))
A12: H161 | B12: Logic (74HCT) | C12: 74HCT161 | D12: 4-bit counter, DIP-16 | E12: 2 | F12: see netlist | G12: =COUNTIFS(Prices!$A$2:$A$106,$A12,Prices!$L$2:$L$106,"Y",Prices!$E$2:$E$106,">0") -> 1 | H12: =_xlfn.MINIFS(Prices!$W$2:$W$106,Prices!$A$2:$A$106,$A12,Prices!$L$2:$L$106,"Y",Prices!$W$2:$W$106,">0") -> 4.268 | I12: =_xlfn.MINIFS(Prices!$X$2:$X$106,Prices!$A$2:$A$106,$A12,Prices!$L$2:$L$106,"Y",Prices!$X$2:$X$106,">0") -> 3.102 | J12: =_xlfn.MINIFS(Prices!$Y$2:$Y$106,Prices!$A$2:$A$106,$A12,Prices!$L$2:$L$106,"Y",Prices!$Y$2:$Y$106,">0") -> 2.486 | K12: =IFERROR(INDEX(Prices!$B$2:$B$106,MATCH($A12&"|"&TEXT($H12,"0.0000")&"|Y",Prices!$Z$2:$Z$106,0)),"none") -> Mouser Australia | L12: =IFERROR(INDEX(Prices!$B$2:$B$106,MATCH($A12&"|"&TEXT($J12,"0.0000")&"|Y",Prices!$AA$2:$AA$106,0)),"none") -> Mouser Australia | M12: =IF($G12=0,"NO PRICE",IF($G12=1,"Single source","")) -> Single source
A13: H173 | B13: Logic (74HCT) | C13: 74HCT173 (CD74HCT173E) | D13: 4-bit register tri-state, DIP-16 | E13: 9 | F13: see netlist | G13: =COUNTIFS(Prices!$A$2:$A$106,$A13,Prices!$L$2:$L$106,"Y",Prices!$E$2:$E$106,">0") -> 2 | H13: =_xlfn.MINIFS(Prices!$W$2:$W$106,Prices!$A$2:$A$106,$A13,Prices!$L$2:$L$106,"Y",Prices!$W$2:$W$106,">0") -> 10.08 | I13: =_xlfn.MINIFS(Prices!$X$2:$X$106,Prices!$A$2:$A$106,$A13,Prices!$L$2:$L$106,"Y",Prices!$X$2:$X$106,">0") -> 7.2 | J13: =_xlfn.MINIFS(Prices!$Y$2:$Y$106,Prices!$A$2:$A$106,$A13,Prices!$L$2:$L$106,"Y",Prices!$Y$2:$Y$106,">0") -> 7.2 | K13: =IFERROR(INDEX(Prices!$B$2:$B$106,MATCH($A13&"|"&TEXT($H13,"0.0000")&"|Y",Prices!$Z$2:$Z$106,0)),"none") -> Wiltronics (AU) | L13: =IFERROR(INDEX(Prices!$B$2:$B$106,MATCH($A13&"|"&TEXT($J13,"0.0000")&"|Y",Prices!$AA$2:$AA$106,0)),"none") -> Wiltronics (AU) | M13: =IF($G13=0,"NO PRICE",IF($G13=1,"Single source",""))
... A29: R02 | B29: Resistors | C29: Resistor 10 kΩ 1/4 W | D29: 7 used + spares (incl. PROG pull-down and programmer WE pull-up) | E29: 10 | F29: Front panel, Display driver, programmer | G29: =COUNTIFS(Prices!$A$2:$A$106,$A29,Prices!$L$2:$L$106,"Y",Prices!$E$2:$E$106,">0") -> 2 | H29: =_xlfn.MINIFS(Prices!$W$2:$W$106,Prices!$A$2:$A$106,$A29,Prices!$L$2:$L$106,"Y",Prices!$W$2:$W$106,">0") -> 0.649 | I29: =_xlfn.MINIFS(Prices!$X$2:$X$106,Prices!$A$2:$A$106,$A29,Prices!$L$2:$L$106,"Y",Prices!$X$2:$X$106,">0") -> 0.374 | J29: =_xlfn.MINIFS(Prices!$Y$2:$Y$106,Prices!$A$2:$A$106,$A29,Prices!$L$2:$L$106,"Y",Prices!$Y$2:$Y$106,">0") -> 0.374 | K29: =IFERROR(INDEX(Prices!$B$2:$B$106,MATCH($A29&"|"&TEXT($H29,"0.0000")&"|Y",Prices!$Z$2:$Z$106,0)),"none") -> element14 Australia | L29: =IFERROR(INDEX(Prices!$B$2:$B$106,MATCH($A29&"|"&TEXT($J29,"0.0000")&"|Y",Prices!$AA$2:$AA$106,0)),"none") -> element14 Australia | M29: =IF($G29=0,"NO PRICE",IF($G29=1,"Single source",""))
A30: R100k | B30: Resistors | C30: Resistor 100 kΩ 1/4 W | E30: 1 | F30: Clock | G30: =COUNTIFS(Prices!$A$2:$A$106,$A30,Prices!$L$2:$L$106,"Y",Prices!$E$2:$E$106,">0") -> 2 | H30: =_xlfn.MINIFS(Prices!$W$2:$W$106,Prices!$A$2:$A$106,$A30,Prices!$L$2:$L$106,"Y",Prices!$W$2:$W$106,">0") -> 0.0671 | I30: =_xlfn.MINIFS(Prices!$X$2:$X$106,Prices!$A$2:$A$106,$A30,Prices!$L$2:$L$106,"Y",Prices!$X$2:$X$106,">0") -> 0.0671 | J30: =_xlfn.MINIFS(Prices!$Y$2:$Y$106,Prices!$A$2:$A$106,$A30,Prices!$L$2:$L$106,"Y",Prices!$Y$2:$Y$106,">0") -> 0.0429 | K30: =IFERROR(INDEX(Prices!$B$2:$B$106,MATCH($A30&"|"&TEXT($H30,"0.0000")&"|Y",Prices!$Z$2:$Z$106,0)),"none") -> element14 Australia | L30: =IFERROR(INDEX(Prices!$B$2:$B$106,MATCH($A30&"|"&TEXT($J30,"0.0000")&"|Y",Prices!$AA$2:$AA$106,0)),"none") -> Mouser Australia | M30: =IF($G30=0,"NO PRICE",IF($G30=1,"Single source",""))
A31: R470 | B31: Resistors | C31: Resistor 470 Ω 1/4 W | D31: 8 used + spares | E31: 10 | F31: Display | G31: =COUNTIFS(Prices!$A$2:$A$106,$A31,Prices!$L$2:$L$106,"Y",Prices!$E$2:$E$106,">0") -> 2 | H31: =_xlfn.MINIFS(Prices!$W$2:$W$106,Prices!$A$2:$A$106,$A31,Prices!$L$2:$L$106,"Y",Prices!$W$2:$W$106,">0") -> 0.704 | I31: =_xlfn.MINIFS(Prices!$X$2:$X$106,Prices!$A$2:$A$106,$A31,Prices!$L$2:$L$106,"Y",Prices!$X$2:$X$106,">0") -> 0.462 | J31: =_xlfn.MINIFS(Prices!$Y$2:$Y$106,Prices!$A$2:$A$106,$A31,Prices!$L$2:$L$106,"Y",Prices!$Y$2:$Y$106,">0") -> 0.462 | K31: =IFERROR(INDEX(Prices!$B$2:$B$106,MATCH($A31&"|"&TEXT($H31,"0.0000")&"|Y",Prices!$Z$2:$Z$106,0)),"none") -> Mouser Australia | L31: =IFERROR(INDEX(Prices!$B$2:$B$106,MATCH($A31&"|"&TEXT($J31,"0.0000")&"|Y",Prices!$AA$2:$AA$106,0)),"none") -> Mouser Australia | M31: =IF($G31=0,"NO PRICE",IF($G31=1,"Single source",""))
A32: RN8 | B32: Resistors | C32: Resistor network SIP-9 bussed 8 × 10 kΩ | E32: 4 | F32: Bus, Front panel | G32: =COUNTIFS(Prices!$A$2:$A$106,$A32,Prices!$L$2:$L$106,"Y",Prices!$E$2:$E$106,">0") -> 2 | H32: =_xlfn.MINIFS(Prices!$W$2:$W$106,Prices!$A$2:$A$106,$A32,Prices!$L$2:$L$106,"Y",Prices!$W$2:$W$106,">0") -> 2.4904 | I32: =_xlfn.MINIFS(Prices!$X$2:$X$106,Prices!$A$2:$A$106,$A32,Prices!$L$2:$L$106,"Y",Prices!$X$2:$X$106,">0") -> 1.5884 | J32: =_xlfn.MINIFS(Prices!$Y$2:$Y$106,Prices!$A$2:$A$106,$A32,Prices!$L$2:$L$106,"Y",Prices!$Y$2:$Y$106,">0") -> 0.902 | K32: =IFERROR(INDEX(Prices!$B$2:$B$106,MATCH($A32&"|"&TEXT($H32,"0.0000")&"|Y",Prices!$Z$2:$Z$106,0)),"none") -> Mouser Australia | L32: =IFERROR(INDEX(Prices!$B$2:$B$106,MATCH($A32&"|"&TEXT($J32,"0.0000")&"|Y",Prices!$AA$2:$AA$106,0)),"none") -> element14 Australia | M32: =IF($G32=0,"NO PRICE",IF($G32=1,"Single source",""))
A33: RN4 | B33: Resistors | C33: Resistor network SIP-5 bussed 4 × 10 kΩ | E33: 1 | F33: Front panel | G33: =COUNTIFS(Prices!$A$2:$A$106,$A33,Prices!$L$2:$L$106,"Y",Prices!$E$2:$E$106,">0") -> 2 | H33: =_xlfn.MINIFS(Prices!$W$2:$W$106,Prices!$A$2:$A$106,$A33,Prices!$L$2:$L$106,"Y",Prices!$W$2:$W$106,">0") -> 0.4477 | I33: =_xlfn.MINIFS(Prices!$X$2:$X$106,Prices!$A$2:$A$106,$A33,Prices!$L$2:$L$106,"Y",Prices!$X$2:$X$106,">0") -> 0.3377 | J33: =_xlfn.MINIFS(Prices!$Y$2:$Y$106,Prices!$A$2:$A$106,$A33,Prices!$L$2:$L$106,"Y",Prices!$Y$2:$Y$106,">0") -> 0.1683 | K33: =IFERROR(INDEX(Prices!$B$2:$B$106,MATCH($A33&"|"&TEXT($H33,"0.0000")&"|Y",Prices!$Z$2:$Z$106,0)),"none") -> element14 Australia | L33: =IFERROR(INDEX(Prices!$B$2:$B$106,MATCH($A33&"|"&TEXT($J33,"0.0000")&"|Y",Prices!$AA$2:$AA$106,0)),"none") -> element14 Australia | M33: =IF($G33=0,"NO PRICE",IF($G33=1,"Single source",""))
A34: C01 | B34: Capacitors | C34: Capacitor 100 nF ceramic | D34: 48 decoupling + 2 timing + 3 programmer + spares | E34: 60 | F34: All boards | G34: =COUNTIFS(Prices!$A$2:$A$106,$A34,Prices!$L$2:$L$106,"Y",Prices!$E$2:$E$106,">0") -> 2 | H34: =_xlfn.MINIFS(Prices!$W$2:$W$106,Prices!$A$2:$A$106,$A34,Prices!$L$2:$L$106,"Y",Prices!$W$2:$W$106,">0") -> 11.95 | I34: =_xlfn.MINIFS(Prices!$X$2:$X$106,Prices!$A$2:$A$106,$A34,Prices!$L$2:$L$106,"Y",Prices!$X$2:$X$106,">0") -> 7.17 | J34: =_xlfn.MINIFS(Prices!$Y$2:$Y$106,Prices!$A$2:$A$106,$A34,Prices!$L$2:$L$106,"Y",Prices!$Y$2:$Y$106,">0") -> 4.77 | K34: =IFERROR(INDEX(Prices!$B$2:$B$106,MATCH($A34&"|"&TEXT($H34,"0.0000")&"|Y",Prices!$Z$2:$Z$106,0)),"none") -> Jaycar | L34: =IFERROR(INDEX(Prices!$B$2:$B$106,MATCH($A34&"|"&TEXT($J34,"0.0000")&"|Y",Prices!$AA$2:$AA$106,0)),"none") -> Jaycar | M34: =IF($G34=0,"NO PRICE",IF($G34=1,"Single source",""))
A35: C10n | B35: Capacitors | C35: Capacitor 10 nF ceramic | D35: 555 control pins (4), RESET line filter (1) | E35: 5 | F35: Clock, Display driver, Front panel | G35: =COUNTIFS(Prices!$A$2:$A$106,$A35,Prices!$L$2:$L$106,"Y",Prices!$E$2:$E$106,">0") -> 2 | H35: =_xlfn.MINIFS(Prices!$W$2:$W$106,Prices!$A$2:$A$106,$A35,Prices!$L$2:$L$106,"Y",Prices!$W$2:$W$106,">0") -> 1.3035 | I35: =_xlfn.MINIFS(Prices!$X$2:$X$106,Prices!$A$2:$A$106,$A35,Prices!$L$2:$L$106,"Y",Prices!$X$2:$X$106,">0") -> 0.814 | J35: =_xlfn.MINIFS(Prices!$Y$2:$Y$106,Prices!$A$2:$A$106,$A35,Prices!$L$2:$L$106,"Y",Prices!$Y$2:$Y$106,">0") -> 0.7205 | K35: =IFERROR(INDEX(Prices!$B$2:$B$106,MATCH($A35&"|"&TEXT($H35,"0.0000")&"|Y",Prices!$Z$2:$Z$106,0)),"none") -> element14 Australia | L35: =IFERROR(INDEX(Prices!$B$2:$B$106,MATCH($A35&"|"&TEXT($J35,"0.0000")&"|Y",Prices!$AA$2:$AA$106,0)),"none") -> Mouser Australia | M35: =IF($G35=0,"NO PRICE",IF($G35=1,"Single source",""))
A36: C02 | B36: Capacitors | C36: Capacitor 1 µF electrolytic | E36: 2 | F36: Clock | G36: =COUNTIFS(Prices!$A$2:$A$106,$A36,Prices!$L$2:$L$106,"Y",Prices!$E$2:$E$106,">0") -> 2 | H36: =_xlfn.MINIFS(Prices!$W$2:$W$106,Prices!$A$2:$A$106,$A36,Prices!$L$2:$L$106,"Y",Prices!$W$2:$W$106,">0") -> 0.6 | I36: =_xlfn.MINIFS(Prices!$X$2:$X$106,Prices!$A$2:$A$106,$A36,Prices!$L$2:$L$106,"Y",Prices!$X$2:$X$106,">0") -> 0.6 | J36: =_xlfn.MINIFS(Prices!$Y$2:$Y$106,Prices!$A$2:$A$106,$A36,Prices!$L$2:$L$106,"Y",Prices!$Y$2:$Y$106,">0") -> 0.594 | K36: =IFERROR(INDEX(Prices!$B$2:$B$106,MATCH($A36&"|"&TEXT($H36,"0.0000")&"|Y",Prices!$Z$2:$Z$106,0)),"none") -> Jaycar | L36: =IFERROR(INDEX(Prices!$B$2:$B$106,MATCH($A36&"|"&TEXT($J36,"0.0000")&"|Y",Prices!$AA$2:$AA$106,0)),"none") -> Core Electronics | M36: =IF($G36=0,"NO PRICE",IF($G36=1,"Single source",""))
A37: C10u | B37: Capacitors | C37: Capacitor 10 µF electrolytic, 16 V or more | D37: bulk supply capacitor, one per board | E37: 16 | F37: every board except Bus | G37: =COUNTIFS(Prices!$A$2:$A$106,$A37,Prices!$L$2:$L$106,"Y",Prices!$E$2:$E$106,">0") -> 2 | H37: =_xlfn.MINIFS(Prices!$W$2:$W$106,Prices!$A$2:$A$106,$A37,Prices!$L$2:$L$106,"Y",Prices!$W$2:$W$106,">0") -> 4.8 | I37: =_xlfn.MINIFS(Prices!$X$2:$X$106,Prices!$A$2:$A$106,$A37,Prices!$L$2:$L$106,"Y",Prices!$X$2:$X$106,">0") -> 4.8 | J37: =_xlfn.MINIFS(Prices!$Y$2:$Y$106,Prices!$A$2:$A$106,$A37,Prices!$L$2:$L$106,"Y",Prices!$Y$2:$Y$106,">0") -> 4.8 | K37: =IFERROR(INDEX(Prices!$B$2:$B$106,MATCH($A37&"|"&TEXT($H37,"0.0000")&"|Y",Prices!$Z$2:$Z$106,0)),"none") -> Jaycar | L37: =IFERROR(INDEX(Prices!$B$2:$B$106,MATCH($A37&"|"&TEXT($J37,"0.0000")&"|Y",Prices!$AA$2:$AA$106,0)),"none") -> Jaycar | M37: =IF($G37=0,"NO PRICE",IF($G37=1,"Single source",""))
A38: C100u | B38: Capacitors | C38: Capacitor 100 µF electrolytic, 16 V or more | D38: bulk capacitor at the power entry | E38: 1 | F38: Bus | G38: =COUNTIFS(Prices!$A$2:$A$106,$A38,Prices!$L$2:$L$106,"Y",Prices!$E$2:$E$106,">0") -> 2 | H38: =_xlfn.MINIFS(Prices!$W$2:$W$106,Prices!$A$2:$A$106,$A38,Prices!$L$2:$L$106,"Y",Prices!$W$2:$W$106,">0") -> 0.275 | I38: =_xlfn.MINIFS(Prices!$X$2:$X$106,Prices!$A$2:$A$106,$A38,Prices!$L$2:$L$106,"Y",Prices!$X$2:$X$106,">0") -> 0.275 | J38: =_xlfn.MINIFS(Prices!$Y$2:$Y$106,Prices!$A$2:$A$106,$A38,Prices!$L$2:$L$106,"Y",Prices!$Y$2:$Y$106,">0") -> 0.264 | K38: =IFERROR(INDEX(Prices!$B$2:$B$106,MATCH($A38&"|"&TEXT($H38,"0.0000")&"|Y",Prices!$Z$2:$Z$106,0)),"none") -> Core Electronics | L38: =IFERROR(INDEX(Prices!$B$2:$B$106,MATCH($A38&"|"&TEXT($J38,"0.0000")&"|Y",Prices!$AA$2:$AA$106,0)),"none") -> Core Electronics | M38: =IF($G38=0,"NO PRICE",IF($G38=1,"Single source",""))
A39: VR1 | B39: Controls | C39: Potentiometer 1 MΩ linear | D39: clock speed | E39: 1 | F39: Clock | G39: =COUNTIFS(Prices!$A$2:$A$106,$A39,Prices!$L$2:$L$106,"Y",Prices!$E$2:$E$106,">0") -> 2 | H39: =_xlfn.MINIFS(Prices!$W$2:$W$106,Prices!$A$2:$A$106,$A39,Prices!$L$2:$L$106,"Y",Prices!$W$2:$W$106,">0") -> 2.9 | I39: =_xlfn.MINIFS(Prices!$X$2:$X$106,Prices!$A$2:$A$106,$A39,Prices!$L$2:$L$106,"Y",Prices!$X$2:$X$106,">0") -> 2.35 | J39: =_xlfn.MINIFS(Prices!$Y$2:$Y$106,Prices!$A$2:$A$106,$A39,Prices!$L$2:$L$106,"Y",Prices!$Y$2:$Y$106,">0") -> 2.35 | K39: =IFERROR(INDEX(Prices!$B$2:$B$106,MATCH($A39&"|"&TEXT($H39,"0.0000")&"|Y",Prices!$Z$2:$Z$106,0)),"none") -> Altronics | L39: =IFERROR(INDEX(Prices!$B$2:$B$106,MATCH($A39&"|"&TEXT($J39,"0.0000")&"|Y",Prices!$AA$2:$AA$106,0)),"none") -> Altronics | M39: =IF($G39=0,"NO PRICE",IF($G39=1,"Single source",""))
A40: JP3 | B40: Controls | C40: 3-pin header + jumper shunt | D40: clock range | E40: 1 | F40: Clock | G40: =COUNTIFS(Prices!$A$2:$A$106,$A40,Prices!$L$2:$L$106,"Y",Prices!$E$2:$E$106,">0") -> 2 | H40: =_xlfn.MINIFS(Prices!$W$2:$W$106,Prices!$A$2:$A$106,$A40,Prices!$L$2:$L$106,"Y",Prices!$W$2:$W$106,">0") -> 1.0373 | I40: =_xlfn.MINIFS(Prices!$X$2:$X$106,Prices!$A$2:$A$106,$A40,Prices!$L$2:$L$106,"Y",Prices!$X$2:$X$106,">0") -> 0.8965 | J40: =_xlfn.MINIFS(Prices!$Y$2:$Y$106,Prices!$A$2:$A$106,$A40,Prices!$L$2:$L$106,"Y",Prices!$Y$2:$Y$106,">0") -> 0.715 | K40: =IFERROR(INDEX(Prices!$B$2:$B$106,MATCH($A40&"|"&TEXT($H40,"0.0000")&"|Y",Prices!$Z$2:$Z$106,0)),"none") -> Mouser Australia | L40: =IFERROR(INDEX(Prices!$B$2:$B$106,MATCH($A40&"|"&TEXT($J40,"0.0000")&"|Y",Prices!$AA$2:$AA$106,0)),"none") -> Mouser Australia | M40: =IF($G40=0,"NO PRICE",IF($G40=1,"Single source",""))
A41: SW1 | B41: Switches | C41: Tactile push button 6 mm | D41: STEP, RESET, WRITE | E41: 3 | F41: Front panel | G41: =COUNTIFS(Prices!$A$2:$A$106,$A41,Prices!$L$2:$L$106,"Y",Prices!$E$2:$E$106,">0") -> 2 | H41: =_xlfn.MINIFS(Prices!$W$2:$W$106,Prices!$A$2:$A$106,$A41,Prices!$L$2:$L$106,"Y",Prices!$W$2:$W$106,">0") -> 2.85 | I41: =_xlfn.MINIFS(Prices!$X$2:$X$106,Prices!$A$2:$A$106,$A41,Prices!$L$2:$L$106,"Y",Prices!$X$2:$X$106,">0") -> 0.979 | J41: =_xlfn.MINIFS(Prices!$Y$2:$Y$106,Prices!$A$2:$A$106,$A41,Prices!$L$2:$L$106,"Y",Prices!$Y$2:$Y$106,">0") -> 0.7128 | K41: =IFERROR(INDEX(Prices!$B$2:$B$106,MATCH($A41&"|"&TEXT($H41,"0.0000")&"|Y",Prices!$Z$2:$Z$106,0)),"none") -> Jaycar | L41: =IFERROR(INDEX(Prices!$B$2:$B$106,MATCH($A41&"|"&TEXT($J41,"0.0000")&"|Y",Prices!$AA$2:$AA$106,0)),"none") -> Core Electronics | M41: =IF($G41=0,"NO PRICE",IF($G41=1,"Single source",""))
A42: SW2 | B42: Switches | C42: Slide switch SPDT, 0.1 in pitch | D42: RUN/STEP, PROGRAM/RUN; PROGRAM/RUN is wired as on/off to +5 V with a 10 kΩ pull-down, so a shorting (make-before-break) switch is safe too | E42: 2 | F42: Front panel | G42: =COUNTIFS(Prices!$A$2:$A$106,$A42,Prices!$L$2:$L$106,"Y",Prices!$E$2:$E$106,">0") -> 2 | H42: =_xlfn.MINIFS(Prices!$W$2:$W$106,Prices!$A$2:$A$106,$A42,Prices!$L$2:$L$106,"Y",Prices!$W$2:$W$106,">0") -> 3.806 | I42: =_xlfn.MINIFS(Prices!$X$2:$X$106,Prices!$A$2:$A$106,$A42,Prices!$L$2:$L$106,"Y",Prices!$X$2:$X$106,">0") -> 3.6 | J42: =_xlfn.MINIFS(Prices!$Y$2:$Y$106,Prices!$A$2:$A$106,$A42,Prices!$L$2:$L$106,"Y",Prices!$Y$2:$Y$106,">0") -> 3.2 | K42: =IFERROR(INDEX(Prices!$B$2:$B$106,MATCH($A42&"|"&TEXT($H42,"0.0000")&"|Y",Prices!$Z$2:$Z$106,0)),"none") -> Core Electronics | L42: =IFERROR(INDEX(Prices!$B$2:$B$106,MATCH($A42&"|"&TEXT($J42,"0.0000")&"|Y",Prices!$AA$2:$AA$106,0)),"none") -> Jaycar | M42: =IF($G42=0,"NO PRICE",IF($G42=1,"Single source",""))
A43: SW3 | B43: Switches | C43: DIP switch 8-position | D43: data, input A, input B | E43: 3 | F43: Front panel | G43: =COUNTIFS(Prices!$A$2:$A$106,$A43,Prices!$L$2:$L$106,"Y",Prices!$E$2:$E$106,">0") -> 2 | H43: =_xlfn.MINIFS(Prices!$W$2:$W$106,Prices!$A$2:$A$106,$A43,Prices!$L$2:$L$106,"Y",Prices!$W$2:$W$106,">0") -> 10.8 | I43: =_xlfn.MINIFS(Prices!$X$2:$X$106,Prices!$A$2:$A$106,$A43,Prices!$L$2:$L$106,"Y",Prices!$X$2:$X$106,">0") -> 10.758 | J43: =_xlfn.MINIFS(Prices!$Y$2:$Y$106,Prices!$A$2:$A$106,$A43,Prices!$L$2:$L$106,"Y",Prices!$Y$2:$Y$106,">0") -> 10.098 | K43: =IFERROR(INDEX(Prices!$B$2:$B$106,MATCH($A43&"|"&TEXT($H43,"0.0000")&"|Y",Prices!$Z$2:$Z$106,0)),"none") -> Jaycar | L43: =IFERROR(INDEX(Prices!$B$2:$B$106,MATCH($A43&"|"&TEXT($J43,"0.0000")&"|Y",Prices!$AA$2:$AA$106,0)),"none") -> Core Electronics | M43: =IF($G43=0,"NO PRICE",IF($G43=1,"Single source",""))
A44: SW4 | B44: Switches | C44: DIP switch 4-position | D44: address | E44: 1 | F44: Front panel | G44: =COUNTIFS(Prices!$A$2:$A$106,$A44,Prices!$L$2:$L$106,"Y",Prices!$E$2:$E$106,">0") -> 2 | H44: =_xlfn.MINIFS(Prices!$W$2:$W$106,Prices!$A$2:$A$106,$A44,Prices!$L$2:$L$106,"Y",Prices!$W$2:$W$106,">0") -> 1.9 | I44: =_xlfn.MINIFS(Prices!$X$2:$X$106,Prices!$A$2:$A$106,$A44,Prices!$L$2:$L$106,"Y",Prices!$X$2:$X$106,">0") -> 1.65 | J44: =_xlfn.MINIFS(Prices!$Y$2:$Y$106,Prices!$A$2:$A$106,$A44,Prices!$L$2:$L$106,"Y",Prices!$Y$2:$Y$106,">0") -> 1.5 | K44: =IFERROR(INDEX(Prices!$B$2:$B$106,MATCH($A44&"|"&TEXT($H44,"0.0000")&"|Y",Prices!$Z$2:$Z$106,0)),"none") -> Wiltronics | L44: =IFERROR(INDEX(Prices!$B$2:$B$106,MATCH($A44&"|"&TEXT($J44,"0.0000")&"|Y",Prices!$AA$2:$AA$106,0)),"none") -> Wiltronics | M44: =IF($G44=0,"NO PRICE",IF($G44=1,"Single source",""))
A45: BB01 | B45: Build | C45: Solderless breadboard 830 tie-point | D45: 17 for PC-2 + 1 programmer | E45: 18 | F45: All | G45: =COUNTIFS(Prices!$A$2:$A$106,$A45,Prices!$L$2:$L$106,"Y",Prices!$E$2:$E$106,">0") -> 2 | H45: =_xlfn.MINIFS(Prices!$W$2:$W$106,Prices!$A$2:$A$106,$A45,Prices!$L$2:$L$106,"Y",Prices!$W$2:$W$106,">0") -> 71.082 | I45: =_xlfn.MINIFS(Prices!$X$2:$X$106,Prices!$A$2:$A$106,$A45,Prices!$L$2:$L$106,"Y",Prices!$X$2:$X$106,">0") -> 60.39 | J45: =_xlfn.MINIFS(Prices!$Y$2:$Y$106,Prices!$A$2:$A$106,$A45,Prices!$L$2:$L$106,"Y",Prices!$Y$2:$Y$106,">0") -> 60.39 | K45: =IFERROR(INDEX(Prices!$B$2:$B$106,MATCH($A45&"|"&TEXT($H45,"0.0000")&"|Y",Prices!$Z$2:$Z$106,0)),"none") -> Core Electronics | L45: =IFERROR(INDEX(Prices!$B$2:$B$106,MATCH($A45&"|"&TEXT($J45,"0.0000")&"|Y",Prices!$AA$2:$AA$106,0)),"none") -> Core Electronics | M45: =IF($G45=0,"NO PRICE",IF($G45=1,"Single source",""))
A46: W01 | B46: Build | C46: 22 AWG solid-core hook-up wire, 6-colour set (red, black, yellow, blue, green, white) | D46: 3 boxes = 137 m; with W02-W04 covers the about 91 m used (25 m on the boards, 66 m between boards). White is used for the clock (drawn pink) | E46: 3 | F46: All | G46: =COUNTIFS(Prices!$A$2:$A$106,$A46,Prices!$L$2:$L$106,"Y",Prices!$E$2:$E$106,">0") -> 1 | H46: =_xlfn.MINIFS(Prices!$W$2:$W$106,Prices!$A$2:$A$106,$A46,Prices!$L$2:$L$106,"Y",Prices!$W$2:$W$106,">0") -> 161.403 | I46: =_xlfn.MINIFS(Prices!$X$2:$X$106,Prices!$A$2:$A$106,$A46,Prices!$L$2:$L$106,"Y",Prices!$X$2:$X$106,">0") -> 156.585 | J46: =_xlfn.MINIFS(Prices!$Y$2:$Y$106,Prices!$A$2:$A$106,$A46,Prices!$L$2:$L$106,"Y",Prices!$Y$2:$Y$106,">0") -> 146.883 | K46: =IFERROR(INDEX(Prices!$B$2:$B$106,MATCH($A46&"|"&TEXT($H46,"0.0000")&"|Y",Prices!$Z$2:$Z$106,0)),"none") -> Core Electronics | L46: =IFERROR(INDEX(Prices!$B$2:$B$106,MATCH($A46&"|"&TEXT($J46,"0.0000")&"|Y",Prices!$AA$2:$AA$106,0)),"none") -> Core Electronics | M46: =IF($G46=0,"NO PRICE",IF($G46=1,"Single source","")) -> Single source
A47: W02 | B47: Build | C47: 22 AWG solid-core wire, orange, 25 ft (7.6 m) spool | D47: reset and mode wires (about 3.8 m) | E47: 1 | F47: Clock, Front panel, Output and others | G47: =COUNTIFS(Prices!$A$2:$A$106,$A47,Prices!$L$2:$L$106,"Y",Prices!$E$2:$E$106,">0") -> 1 | H47: =_xlfn.MINIFS(Prices!$W$2:$W$106,Prices!$A$2:$A$106,$A47,Prices!$L$2:$L$106,"Y",Prices!$W$2:$W$106,">0") -> 10.197 | I47: =_xlfn.MINIFS(Prices!$X$2:$X$106,Prices!$A$2:$A$106,$A47,Prices!$L$2:$L$106,"Y",Prices!$X$2:$X$106,">0") -> 9.889 | J47: =_xlfn.MINIFS(Prices!$Y$2:$Y$106,Prices!$A$2:$A$106,$A47,Prices!$L$2:$L$106,"Y",Prices!$Y$2:$Y$106,">0") -> 9.691 | K47: =IFERROR(INDEX(Prices!$B$2:$B$106,MATCH($A47&"|"&TEXT($H47,"0.0000")&"|Y",Prices!$Z$2:$Z$106,0)),"none") -> Core Electronics | L47: =IFERROR(INDEX(Prices!$B$2:$B$106,MATCH($A47&"|"&TEXT($J47,"0.0000")&"|Y",Prices!$AA$2:$AA$106,0)),"none") -> Core Electronics | M47: =IF($G47=0,"NO PRICE",IF($G47=1,"Single source","")) -> Single source
A48: W03 | B48: Build | C48: 22 AWG solid-core wire, purple (m) | D48: addresses and step numbers (about 4.7 m); cut from a 30 m reel | E48: 5 | F48: MAR, RAM, Control sequencer and others | G48: =COUNTIFS(Prices!$A$2:$A$106,$A48,Prices!$L$2:$L$106,"Y",Prices!$E$2:$E$106,">0") -> 1 | H48: =_xlfn.MINIFS(Prices!$W$2:$W$106,Prices!$A$2:$A$106,$A48,Prices!$L$2:$L$106,"Y",Prices!$W$2:$W$106,">0") -> 98.329 | I48: =_xlfn.MINIFS(Prices!$X$2:$X$106,Prices!$A$2:$A$106,$A48,Prices!$L$2:$L$106,"Y",Prices!$X$2:$X$106,">0") -> 19.6658 | J48: =_xlfn.MINIFS(Prices!$Y$2:$Y$106,Prices!$A$2:$A$106,$A48,Prices!$L$2:$L$106,"Y",Prices!$Y$2:$Y$106,">0") -> 16.71593 | K48: =IFERROR(INDEX(Prices!$B$2:$B$106,MATCH($A48&"|"&TEXT($H48,"0.0000")&"|Y",Prices!$Z$2:$Z$106,0)),"none") -> RS Components Australia | L48: =IFERROR(INDEX(Prices!$B$2:$B$106,MATCH($A48&"|"&TEXT($J48,"0.0000")&"|Y",Prices!$AA$2:$AA$106,0)),"none") -> RS Components Australia | M48: =IF($G48=0,"NO PRICE",IF($G48=1,"Single source","")) -> Single source
... A52: PSU | B52: Power | C52: USB-C 5 V 3 A power supply, RCM approved (Raspberry Pi 15 W) | D52: any RCM-marked USB-C supply giving 5 V at 2.5 A or more, so that F1 can trip on a short | E52: 1 | F52: Power | G52: =COUNTIFS(Prices!$A$2:$A$106,$A52,Prices!$L$2:$L$106,"Y",Prices!$E$2:$E$106,">0") -> 2 | H52: =_xlfn.MINIFS(Prices!$W$2:$W$106,Prices!$A$2:$A$106,$A52,Prices!$L$2:$L$106,"Y",Prices!$W$2:$W$106,">0") -> 11.9 | I52: =_xlfn.MINIFS(Prices!$X$2:$X$106,Prices!$A$2:$A$106,$A52,Prices!$L$2:$L$106,"Y",Prices!$X$2:$X$106,">0") -> 11.9 | J52: =_xlfn.MINIFS(Prices!$Y$2:$Y$106,Prices!$A$2:$A$106,$A52,Prices!$L$2:$L$106,"Y",Prices!$Y$2:$Y$106,">0") -> 11.9 | K52: =IFERROR(INDEX(Prices!$B$2:$B$106,MATCH($A52&"|"&TEXT($H52,"0.0000")&"|Y",Prices!$Z$2:$Z$106,0)),"none") -> Core Electronics | L52: =IFERROR(INDEX(Prices!$B$2:$B$106,MATCH($A52&"|"&TEXT($J52,"0.0000")&"|Y",Prices!$AA$2:$AA$106,0)),"none") -> Core Electronics | M52: =IF($G52=0,"NO PRICE",IF($G52=1,"Single source",""))
A53: PG01 | B53: Programmer | C53: Nano-compatible board (compatible with Arduino®; 5 V, ATmega328P) | E53: 1 | F53: EEPROM programmer | G53: =COUNTIFS(Prices!$A$2:$A$106,$A53,Prices!$L$2:$L$106,"Y",Prices!$E$2:$E$106,">0") -> 2 | H53: =_xlfn.MINIFS(Prices!$W$2:$W$106,Prices!$A$2:$A$106,$A53,Prices!$L$2:$L$106,"Y",Prices!$W$2:$W$106,">0") -> 6.545 | I53: =_xlfn.MINIFS(Prices!$X$2:$X$106,Prices!$A$2:$A$106,$A53,Prices!$L$2:$L$106,"Y",Prices!$X$2:$X$106,">0") -> 5.896 | J53: =_xlfn.MINIFS(Prices!$Y$2:$Y$106,Prices!$A$2:$A$106,$A53,Prices!$L$2:$L$106,"Y",Prices!$Y$2:$Y$106,">0") -> 5.566 | K53: =IFERROR(INDEX(Prices!$B$2:$B$106,MATCH($A53&"|"&TEXT($H53,"0.0000")&"|Y",Prices!$Z$2:$Z$106,0)),"none") -> Core Electronics | L53: =IFERROR(INDEX(Prices!$B$2:$B$106,MATCH($A53&"|"&TEXT($J53,"0.0000")&"|Y",Prices!$AA$2:$AA$106,0)),"none") -> Core Electronics | M53: =IF($G53=0,"NO PRICE",IF($G53=1,"Single source",""))
A54: PG02 | B54: Programmer | C54: 74HC595 | D54: 8-bit shift register, DIP-16 | E54: 2 | F54: EEPROM programmer | G54: =COUNTIFS(Prices!$A$2:$A$106,$A54,Prices!$L$2:$L$106,"Y",Prices!$E$2:$E$106,">0") -> 2 | H54: =_xlfn.MINIFS(Prices!$W$2:$W$106,Prices!$A$2:$A$106,$A54,Prices!$L$2:$L$106,"Y",Prices!$W$2:$W$106,">0") -> 3.6 | I54: =_xlfn.MINIFS(Prices!$X$2:$X$106,Prices!$A$2:$A$106,$A54,Prices!$L$2:$L$106,"Y",Prices!$X$2:$X$106,">0") -> 3.6 | J54: =_xlfn.MINIFS(Prices!$Y$2:$Y$106,Prices!$A$2:$A$106,$A54,Prices!$L$2:$L$106,"Y",Prices!$Y$2:$Y$106,">0") -> 3.6 | K54: =IFERROR(INDEX(Prices!$B$2:$B$106,MATCH($A54&"|"&TEXT($H54,"0.0000")&"|Y",Prices!$Z$2:$Z$106,0)),"none") -> Core Electronics | L54: =IFERROR(INDEX(Prices!$B$2:$B$106,MATCH($A54&"|"&TEXT($J54,"0.0000")&"|Y",Prices!$AA$2:$AA$106,0)),"none") -> Core Electronics | M54: =IF($G54=0,"NO PRICE",IF($G54=1,"Single source",""))
A55: Total parts cost per kit (AUD incl GST) | H55: =SUM(H2:H54) -> 655.3066 | I55: =SUM(I2:I54) -> 509.5845 | J55: =SUM(J2:J54) -> 478.27793
A56: Chips per kit (IC lines, excluding programmer) | E56: =SUMIFS(E2:E54,A2:A54,"IC*") -> 9

Sheet Prices
A1: ID | B1: Supplier | C1: Part / SKU | D1: Pack size | E1: Price q1 (AUD) | F1: Break 2 qty | G1: Break 2 price | H1: Break 3 qty | I1: Break 3 price | J1: Price incl GST? | K1: Stock shown | L1: Suitable | M1: Checked | N1: URL | O1: Note | P1: Qty per kit | Q1: Packs @T1 | R1: Packs @T2 | S1: Packs @T3 | T1: Pack price incl GST @T1 | U1: @T2 | V1: @T3 | W1: Cost per kit @T1 | X1: Cost per kit @T2 | Y1: Cost per kit @T3 | Z1: Key T1 | AA1: Key T3
A2: H00 | B2: Mouser Australia | C2: CD74HCT00E (595-CD74HCT00E) | D2: 1 | E2: 1.15 | F2: 10 | G2: 0.821 | H2: 100 | I2: 0.647 | J2: N | K2: 590 | L2: Y | M2: 2026-10-25 | N2: https://au.mouser.com/c/?q=CD74HCT00E | O2: Mouser page states no GST treatment; treated as ex GST. TI PDIP-14 tube. | P2: =IFERROR(VLOOKUP($A2,BOM!$A$2:$E$54,5,0),0) -> 1 | Q2: =CEILING($P2*Assumptions!$B$4/$D2,1) -> 1 | R2: =CEILING($P2*Assumptions!$B$5/$D2,1) -> 10 | S2: =CEILING($P2*Assumptions!$B$6/$D2,1) -> 100 | T2: =IF(ISNUMBER($E2),IF(AND(ISNUMBER($I2),ISNUMBER($H2)),IF($H2<=$Q2,$I2,IF(AND(ISNUMBER($G2),ISNUMBER($F2)),IF($F2<=$Q2,$G2,$E2),$E2)),IF(AND(ISNUMBER($G2),ISNUMBER($F2)),IF($F2<=$Q2,$G2,$E2),$E2))*(1+IF($J2="Y",0,Assumptions!$B$3)),"") -> 1.265 | U2: =IF(ISNUMBER($E2),IF(AND(ISNUMBER($I2),ISNUMBER($H2)),IF($H2<=$R2,$I2,IF(AND(ISNUMBER($G2),ISNUMBER($F2)),IF($F2<=$R2,$G2,$E2),$E2)),IF(AND(ISNUMBER($G2),ISNUMBER($F2)),IF($F2<=$R2,$G2,$E2),$E2))*(1+IF($J2="Y",0,Assumptions!$B$3)),"") -> 0.9031 | V2: =IF(ISNUMBER($E2),IF(AND(ISNUMBER($I2),ISNUMBER($H2)),IF($H2<=$S2,$I2,IF(AND(ISNUMBER($G2),ISNUMBER($F2)),IF($F2<=$S2,$G2,$E2),$E2)),IF(AND(ISNUMBER($G2),ISNUMBER($F2)),IF($F2<=$S2,$G2,$E2),$E2))*(1+IF($J2="Y",0,Assumptions!$B$3)),"") -> 0.7117 | W2: =IF(ISNUMBER($T2),$Q2*$T2/Assumptions!$B$4,"") -> 1.265 | X2: =IF(ISNUMBER($U2),$R2*$U2/Assumptions!$B$5,"") -> 0.9031 | Y2: =IF(ISNUMBER($V2),$S2*$V2/Assumptions!$B$6,"") -> 0.7117 | Z2: =$A2&"|"&IF(ISNUMBER($W2),TEXT($W2,"0.0000"),"x")&"|"&$L2 -> H00|1.2650|Y | AA2: =$A2&"|"&IF(ISNUMBER($Y2),TEXT($Y2,"0.0000"),"x")&"|"&$L2 -> H00|0.7117|Y
A3: H00 | B3: Wiltronics (AU) | C3: 74HCT00 | D3: 1 | E3: 1.95 | F3: 10 | G3: 1.7 | H3: 25 | I3: 1.6 | J3: Y | K3: not shown | L3: Y | M3: 2026-10-25 | N3: https://www.wiltronics.com.au/product/317/74hct00-quad-2-input-nand-gate-4/ | O3: Wiltronics states prices include GST; no stock indicator on page. Not on preferred list but Australian retailer. DIP-14; manufacturer not stated. Highest break shown is 25. element14 AU: no DIP 74HCT00 (SMD only). | P3: =IFERROR(VLOOKUP($A3,BOM!$A$2:$E$54,5,0),0) -> 1 | Q3: =CEILING($P3*Assumptions!$B$4/$D3,1) -> 1 | R3: =CEILING($P3*Assumptions!$B$5/$D3,1) -> 10 | S3: =CEILING($P3*Assumptions!$B$6/$D3,1) -> 100 | T3: =IF(ISNUMBER($E3),IF(AND(ISNUMBER($I3),ISNUMBER($H3)),IF($H3<=$Q3,$I3,IF(AND(ISNUMBER($G3),ISNUMBER($F3)),IF($F3<=$Q3,$G3,$E3),$E3)),IF(AND(ISNUMBER($G3),ISNUMBER($F3)),IF($F3<=$Q3,$G3,$E3),$E3))*(1+IF($J3="Y",0,Assumptions!$B$3)),"") -> 1.95 | U3: =IF(ISNUMBER($E3),IF(AND(ISNUMBER($I3),ISNUMBER($H3)),IF($H3<=$R3,$I3,IF(AND(ISNUMBER($G3),ISNUMBER($F3)),IF($F3<=$R3,$G3,$E3),$E3)),IF(AND(ISNUMBER($G3),ISNUMBER($F3)),IF($F3<=$R3,$G3,$E3),$E3))*(1+IF($J3="Y",0,Assumptions!$B$3)),"") -> 1.7 | V3: =IF(ISNUMBER($E3),IF(AND(ISNUMBER($I3),ISNUMBER($H3)),IF($H3<=$S3,$I3,IF(AND(ISNUMBER($G3),ISNUMBER($F3)),IF($F3<=$S3,$G3,$E3),$E3)),IF(AND(ISNUMBER($G3),ISNUMBER($F3)),IF($F3<=$S3,$G3,$E3),$E3))*(1+IF($J3="Y",0,Assumptions!$B$3)),"") -> 1.6 | W3: =IF(ISNUMBER($T3),$Q3*$T3/Assumptions!$B$4,"") -> 1.95 | X3: =IF(ISNUMBER($U3),$R3*$U3/Assumptions!$B$5,"") -> 1.7 | Y3: =IF(ISNUMBER($V3),$S3*$V3/Assumptions!$B$6,"") -> 1.6 | Z3: =$A3&"|"&IF(ISNUMBER($W3),TEXT($W3,"0.0000"),"x")&"|"&$L3 -> H00|1.9500|Y | AA3: =$A3&"|"&IF(ISNUMBER($Y3),TEXT($Y3,"0.0000"),"x")&"|"&$L3 -> H00|1.6000|Y
A4: H02 | B4: Mouser Australia | C4: CD74HCT02E (595-CD74HCT02E) | D4: 1 | E4: 1.06 | F4: 10 | G4: 0.754 | H4: 100 | I4: 0.597 | J4: N | K4: 2054 | L4: Y | M4: 2026-10-25 | N4: https://au.mouser.com/c/?q=CD74HCT02E | O4: Mouser page states no GST treatment; treated as ex GST. TI PDIP-14. | P4: =IFERROR(VLOOKUP($A4,BOM!$A$2:$E$54,5,0),0) -> 1 | Q4: =CEILING($P4*Assumptions!$B$4/$D4,1) -> 1 | R4: =CEILING($P4*Assumptions!$B$5/$D4,1) -> 10 | S4: =CEILING($P4*Assumptions!$B$6/$D4,1) -> 100 | T4: =IF(ISNUMBER($E4),IF(AND(ISNUMBER($I4),ISNUMBER($H4)),IF($H4<=$Q4,$I4,IF(AND(ISNUMBER($G4),ISNUMBER($F4)),IF($F4<=$Q4,$G4,$E4),$E4)),IF(AND(ISNUMBER($G4),ISNUMBER($F4)),IF($F4<=$Q4,$G4,$E4),$E4))*(1+IF($J4="Y",0,Assumptions!$B$3)),"") -> 1.166 | U4: =IF(ISNUMBER($E4),IF(AND(ISNUMBER($I4),ISNUMBER($H4)),IF($H4<=$R4,$I4,IF(AND(ISNUMBER($G4),ISNUMBER($F4)),IF($F4<=$R4,$G4,$E4),$E4)),IF(AND(ISNUMBER($G4),ISNUMBER($F4)),IF($F4<=$R4,$G4,$E4),$E4))*(1+IF($J4="Y",0,Assumptions!$B$3)),"") -> 0.8294 | V4: =IF(ISNUMBER($E4),IF(AND(ISNUMBER($I4),ISNUMBER($H4)),IF($H4<=$S4,$I4,IF(AND(ISNUMBER($G4),ISNUMBER($F4)),IF($F4<=$S4,$G4,$E4),$E4)),IF(AND(ISNUMBER($G4),ISNUMBER($F4)),IF($F4<=$S4,$G4,$E4),$E4))*(1+IF($J4="Y",0,Assumptions!$B$3)),"") -> 0.6567 | W4: =IF(ISNUMBER($T4),$Q4*$T4/Assumptions!$B$4,"") -> 1.166 | X4: =IF(ISNUMBER($U4),$R4*$U4/Assumptions!$B$5,"") -> 0.8294 | Y4: =IF(ISNUMBER($V4),$S4*$V4/Assumptions!$B$6,"") -> 0.6567 | Z4: =$A4&"|"&IF(ISNUMBER($W4),TEXT($W4,"0.0000"),"x")&"|"&$L4 -> H02|1.1660|Y | AA4: =$A4&"|"&IF(ISNUMBER($Y4),TEXT($Y4,"0.0000"),"x")&"|"&$L4 -> H02|0.6567|Y
A5: H02 | B5: Wiltronics (AU) | C5: 74HCT02 | D5: 1 | E5: 0.55 | F5: 10 | G5: 0.5 | H5: 25 | I5: 0.45 | J5: Y | K5: not shown | L5: Y | M5: 2026-10-25 | N5: https://www.wiltronics.com.au/product/3759/74hct02-quad-2-input-positive-nor-gate/ | O5: Wiltronics states prices include GST; no stock indicator on page. Not on preferred list but Australian retailer. DIP-14; manufacturer not stated. element14 AU: no exact match for CD74HCT02E/SN74HCT02N. | P5: =IFERROR(VLOOKUP($A5,BOM!$A$2:$E$54,5,0),0) -> 1 | Q5: =CEILING($P5*Assumptions!$B$4/$D5,1) -> 1 | R5: =CEILING($P5*Assumptions!$B$5/$D5,1) -> 10 | S5: =CEILING($P5*Assumptions!$B$6/$D5,1) -> 100 | T5: =IF(ISNUMBER($E5),IF(AND(ISNUMBER($I5),ISNUMBER($H5)),IF($H5<=$Q5,$I5,IF(AND(ISNUMBER($G5),ISNUMBER($F5)),IF($F5<=$Q5,$G5,$E5),$E5)),IF(AND(ISNUMBER($G5),ISNUMBER($F5)),IF($F5<=$Q5,$G5,$E5),$E5))*(1+IF($J5="Y",0,Assumptions!$B$3)),"") -> 0.55 | U5: =IF(ISNUMBER($E5),IF(AND(ISNUMBER($I5),ISNUMBER($H5)),IF($H5<=$R5,$I5,IF(AND(ISNUMBER($G5),ISNUMBER($F5)),IF($F5<=$R5,$G5,$E5),$E5)),IF(AND(ISNUMBER($G5),ISNUMBER($F5)),IF($F5<=$R5,$G5,$E5),$E5))*(1+IF($J5="Y",0,Assumptions!$B$3)),"") -> 0.5 | V5: =IF(ISNUMBER($E5),IF(AND(ISNUMBER($I5),ISNUMBER($H5)),IF($H5<=$S5,$I5,IF(AND(ISNUMBER($G5),ISNUMBER($F5)),IF($F5<=$S5,$G5,$E5),$E5)),IF(AND(ISNUMBER($G5),ISNUMBER($F5)),IF($F5<=$S5,$G5,$E5),$E5))*(1+IF($J5="Y",0,Assumptions!$B$3)),"") -> 0.45 | W5: =IF(ISNUMBER($T5),$Q5*$T5/Assumptions!$B$4,"") -> 0.55 | X5: =IF(ISNUMBER($U5),$R5*$U5/Assumptions!$B$5,"") -> 0.5 | Y5: =IF(ISNUMBER($V5),$S5*$V5/Assumptions!$B$6,"") -> 0.45 | Z5: =$A5&"|"&IF(ISNUMBER($W5),TEXT($W5,"0.0000"),"x")&"|"&$L5 -> H02|0.5500|Y | AA5: =$A5&"|"&IF(ISNUMBER($Y5),TEXT($Y5,"0.0000"),"x")&"|"&$L5 -> H02|0.4500|Y
A6: H04 | B6: Mouser Australia | C6: CD74HCT04E (595-CD74HCT04E) | D6: 1 | E6: 1.33 | F6: 10 | G6: 0.961 | H6: 100 | I6: 0.769 | J6: N | K6: 3913 | L6: Y | M6: 2026-10-25 | N6: https://au.mouser.com/c/?q=CD74HCT04E | O6: Mouser page states no GST treatment; treated as ex GST. TI PDIP-14. | P6: =IFERROR(VLOOKUP($A6,BOM!$A$2:$E$54,5,0),0) -> 2 | Q6: =CEILING($P6*Assumptions!$B$4/$D6,1) -> 2 | R6: =CEILING($P6*Assumptions!$B$5/$D6,1) -> 20 | S6: =CEILING($P6*Assumptions!$B$6/$D6,1) -> 200 | T6: =IF(ISNUMBER($E6),IF(AND(ISNUMBER($I6),ISNUMBER($H6)),IF($H6<=$Q6,$I6,IF(AND(ISNUMBER($G6),ISNUMBER($F6)),IF($F6<=$Q6,$G6,$E6),$E6)),IF(AND(ISNUMBER($G6),ISNUMBER($F6)),IF($F6<=$Q6,$G6,$E6),$E6))*(1+IF($J6="Y",0,Assumptions!$B$3)),"") -> 1.463 | U6: =IF(ISNUMBER($E6),IF(AND(ISNUMBER($I6),ISNUMBER($H6)),IF($H6<=$R6,$I6,IF(AND(ISNUMBER($G6),ISNUMBER($F6)),IF($F6<=$R6,$G6,$E6),$E6)),IF(AND(ISNUMBER($G6),ISNUMBER($F6)),IF($F6<=$R6,$G6,$E6),$E6))*(1+IF($J6="Y",0,Assumptions!$B$3)),"") -> 1.0571 | V6: =IF(ISNUMBER($E6),IF(AND(ISNUMBER($I6),ISNUMBER($H6)),IF($H6<=$S6,$I6,IF(AND(ISNUMBER($G6),ISNUMBER($F6)),IF($F6<=$S6,$G6,$E6),$E6)),IF(AND(ISNUMBER($G6),ISNUMBER($F6)),IF($F6<=$S6,$G6,$E6),$E6))*(1+IF($J6="Y",0,Assumptions!$B$3)),"") -> 0.8459 | W6: =IF(ISNUMBER($T6),$Q6*$T6/Assumptions!$B$4,"") -> 2.926 | X6: =IF(ISNUMBER($U6),$R6*$U6/Assumptions!$B$5,"") -> 2.1142 | Y6: =IF(ISNUMBER($V6),$S6*$V6/Assumptions!$B$6,"") -> 1.6918 | Z6: =$A6&"|"&IF(ISNUMBER($W6),TEXT($W6,"0.0000"),"x")&"|"&$L6 -> H04|2.9260|Y | AA6: =$A6&"|"&IF(ISNUMBER($Y6),TEXT($Y6,"0.0000"),"x")&"|"&$L6 -> H04|1.6918|Y
A7: H04 | B7: Wiltronics (AU) | C7: 74HCT04 | D7: 1 | E7: 0.66 | F7: 10 | G7: 0.6 | H7: 25 | I7: 0.48 | J7: Y | K7: not shown | L7: Y | M7: 2026-10-25 | N7: https://www.wiltronics.com.au/product/320/74hct04-hex-inverter-3/ | O7: Wiltronics states prices include GST; no stock indicator on page. Not on preferred list but Australian retailer. DIP-14. element14 AU: no exact match for CD74HCT04E/SN74HCT04N. | P7: =IFERROR(VLOOKUP($A7,BOM!$A$2:$E$54,5,0),0) -> 2 | Q7: =CEILING($P7*Assumptions!$B$4/$D7,1) -> 2 | R7: =CEILING($P7*Assumptions!$B$5/$D7,1) -> 20 | S7: =CEILING($P7*Assumptions!$B$6/$D7,1) -> 200 | T7: =IF(ISNUMBER($E7),IF(AND(ISNUMBER($I7),ISNUMBER($H7)),IF($H7<=$Q7,$I7,IF(AND(ISNUMBER($G7),ISNUMBER($F7)),IF($F7<=$Q7,$G7,$E7),$E7)),IF(AND(ISNUMBER($G7),ISNUMBER($F7)),IF($F7<=$Q7,$G7,$E7),$E7))*(1+IF($J7="Y",0,Assumptions!$B$3)),"") -> 0.66 | U7: =IF(ISNUMBER($E7),IF(AND(ISNUMBER($I7),ISNUMBER($H7)),IF($H7<=$R7,$I7,IF(AND(ISNUMBER($G7),ISNUMBER($F7)),IF($F7<=$R7,$G7,$E7),$E7)),IF(AND(ISNUMBER($G7),ISNUMBER($F7)),IF($F7<=$R7,$G7,$E7),$E7))*(1+IF($J7="Y",0,Assumptions!$B$3)),"") -> 0.6 | V7: =IF(ISNUMBER($E7),IF(AND(ISNUMBER($I7),ISNUMBER($H7)),IF($H7<=$S7,$I7,IF(AND(ISNUMBER($G7),ISNUMBER($F7)),IF($F7<=$S7,$G7,$E7),$E7)),IF(AND(ISNUMBER($G7),ISNUMBER($F7)),IF($F7<=$S7,$G7,$E7),$E7))*(1+IF($J7="Y",0,Assumptions!$B$3)),"") -> 0.48 | W7: =IF(ISNUMBER($T7),$Q7*$T7/Assumptions!$B$4,"") -> 1.32 | X7: =IF(ISNUMBER($U7),$R7*$U7/Assumptions!$B$5,"") -> 1.2 | Y7: =IF(ISNUMBER($V7),$S7*$V7/Assumptions!$B$6,"") -> 0.96 | Z7: =$A7&"|"&IF(ISNUMBER($W7),TEXT($W7,"0.0000"),"x")&"|"&$L7 -> H04|1.3200|Y | AA7: =$A7&"|"&IF(ISNUMBER($Y7),TEXT($Y7,"0.0000"),"x")&"|"&$L7 -> H04|0.9600|Y
A8: H08 | B8: Core Electronics | C8: SN74HCT08N (SKU 002-595-SN74HCT08N) | D8: 1 | E8: 1.9 | F8: 10 | H8: 25 | J8: Y | K8: 0 local (out of stock) | L8: Y | M8: 2026-10-25 | N8: https://core-electronics.com.au/74hct08-quad-2-input-and-gate.html | O8: Third source. $1.90 inc GST; breaks shown ex GST only: 10+ $1.65, 25+ $1.61. Appears to be Mouser-sourced (002-595 prefix). | P8: =IFERROR(VLOOKUP($A8,BOM!$A$2:$E$54,5,0),0) -> 2 | Q8: =CEILING($P8*Assumptions!$B$4/$D8,1) -> 2 | R8: =CEILING($P8*Assumptions!$B$5/$D8,1) -> 20 | S8: =CEILING($P8*Assumptions!$B$6/$D8,1) -> 200 | T8: =IF(ISNUMBER($E8),IF(AND(ISNUMBER($I8),ISNUMBER($H8)),IF($H8<=$Q8,$I8,IF(AND(ISNUMBER($G8),ISNUMBER($F8)),IF($F8<=$Q8,$G8,$E8),$E8)),IF(AND(ISNUMBER($G8),ISNUMBER($F8)),IF($F8<=$Q8,$G8,$E8),$E8))*(1+IF($J8="Y",0,Assumptions!$B$3)),"") -> 1.9 | U8: =IF(ISNUMBER($E8),IF(AND(ISNUMBER($I8),ISNUMBER($H8)),IF($H8<=$R8,$I8,IF(AND(ISNUMBER($G8),ISNUMBER($F8)),IF($F8<=$R8,$G8,$E8),$E8)),IF(AND(ISNUMBER($G8),ISNUMBER($F8)),IF($F8<=$R8,$G8,$E8),$E8))*(1+IF($J8="Y",0,Assumptions!$B$3)),"") -> 1.9 | V8: =IF(ISNUMBER($E8),IF(AND(ISNUMBER($I8),ISNUMBER($H8)),IF($H8<=$S8,$I8,IF(AND(ISNUMBER($G8),ISNUMBER($F8)),IF($F8<=$S8,$G8,$E8),$E8)),IF(AND(ISNUMBER($G8),ISNUMBER($F8)),IF($F8<=$S8,$G8,$E8),$E8))*(1+IF($J8="Y",0,Assumptions!$B$3)),"") -> 1.9 | W8: =IF(ISNUMBER($T8),$Q8*$T8/Assumptions!$B$4,"") -> 3.8 | X8: =IF(ISNUMBER($U8),$R8*$U8/Assumptions!$B$5,"") -> 3.8 | Y8: =IF(ISNUMBER($V8),$S8*$V8/Assumptions!$B$6,"") -> 3.8 | Z8: =$A8&"|"&IF(ISNUMBER($W8),TEXT($W8,"0.0000"),"x")&"|"&$L8 -> H08|3.8000|Y | AA8: =$A8&"|"&IF(ISNUMBER($Y8),TEXT($Y8,"0.0000"),"x")&"|"&$L8 -> H08|3.8000|Y
A9: H08 | B9: Mouser Australia | C9: CD74HCT08E (595-CD74HCT08E) | D9: 1 | E9: 1.41 | F9: 10 | G9: 1.02 | H9: 100 | I9: 0.808 | J9: N | K9: 544 | L9: Y | M9: 2026-10-25 | N9: https://au.mouser.com/c/?q=CD74HCT08E | O9: Mouser page states no GST treatment; treated as ex GST. TI PDIP-14. | P9: =IFERROR(VLOOKUP($A9,BOM!$A$2:$E$54,5,0),0) -> 2 | Q9: =CEILING($P9*Assumptions!$B$4/$D9,1) -> 2 | R9: =CEILING($P9*Assumptions!$B$5/$D9,1) -> 20 | S9: =CEILING($P9*Assumptions!$B$6/$D9,1) -> 200 | T9: =IF(ISNUMBER($E9),IF(AND(ISNUMBER($I9),ISNUMBER($H9)),IF($H9<=$Q9,$I9,IF(AND(ISNUMBER($G9),ISNUMBER($F9)),IF($F9<=$Q9,$G9,$E9),$E9)),IF(AND(ISNUMBER($G9),ISNUMBER($F9)),IF($F9<=$Q9,$G9,$E9),$E9))*(1+IF($J9="Y",0,Assumptions!$B$3)),"") -> 1.551 | U9: =IF(ISNUMBER($E9),IF(AND(ISNUMBER($I9),ISNUMBER($H9)),IF($H9<=$R9,$I9,IF(AND(ISNUMBER($G9),ISNUMBER($F9)),IF($F9<=$R9,$G9,$E9),$E9)),IF(AND(ISNUMBER($G9),ISNUMBER($F9)),IF($F9<=$R9,$G9,$E9),$E9))*(1+IF($J9="Y",0,Assumptions!$B$3)),"") -> 1.122 | V9: =IF(ISNUMBER($E9),IF(AND(ISNUMBER($I9),ISNUMBER($H9)),IF($H9<=$S9,$I9,IF(AND(ISNUMBER($G9),ISNUMBER($F9)),IF($F9<=$S9,$G9,$E9),$E9)),IF(AND(ISNUMBER($G9),ISNUMBER($F9)),IF($F9<=$S9,$G9,$E9),$E9))*(1+IF($J9="Y",0,Assumptions!$B$3)),"") -> 0.8888 | W9: =IF(ISNUMBER($T9),$Q9*$T9/Assumptions!$B$4,"") -> 3.102 | X9: =IF(ISNUMBER($U9),$R9*$U9/Assumptions!$B$5,"") -> 2.244 | Y9: =IF(ISNUMBER($V9),$S9*$V9/Assumptions!$B$6,"") -> 1.7776 | Z9: =$A9&"|"&IF(ISNUMBER($W9),TEXT($W9,"0.0000"),"x")&"|"&$L9 -> H08|3.1020|Y | AA9: =$A9&"|"&IF(ISNUMBER($Y9),TEXT($Y9,"0.0000"),"x")&"|"&$L9 -> H08|1.7776|Y
A10: H08 | B10: element14 Australia | C10: SN74HCT08N (order code 3120497) | D10: 1 | E10: 1.37 | F10: 10 | G10: 0.89 | H10: 100 | I10: 0.739 | J10: N | K10: 577 (UK stock, 3-5 business days) | L10: Y | M10: 2026-10-25 | N10: https://au.element14.com/w/search?st=SN74HCT08N | O10: element14 shows ex GST with incl-GST in brackets; ex-GST figures recorded. TI DIP-14; incl GST 1.507/0.979/0.8129. | P10: =IFERROR(VLOOKUP($A10,BOM!$A$2:$E$54,5,0),0) -> 2 | Q10: =CEILING($P10*Assumptions!$B$4/$D10,1) -> 2 | R10: =CEILING($P10*Assumptions!$B$5/$D10,1) -> 20 | S10: =CEILING($P10*Assumptions!$B$6/$D10,1) -> 200 | T10: =IF(ISNUMBER($E10),IF(AND(ISNUMBER($I10),ISNUMBER($H10)),IF($H10<=$Q10,$I10,IF(AND(ISNUMBER($G10),ISNUMBER($F10)),IF($F10<=$Q10,$G10,$E10),$E10)),IF(AND(ISNUMBER($G10),ISNUMBER($F10)),IF($F10<=$Q10,$G10,$E10),$E10))*(1+IF($J10="Y",0,Assumptions!$B$3)),"") -> 1.507 | U10: =IF(ISNUMBER($E10),IF(AND(ISNUMBER($I10),ISNUMBER($H10)),IF($H10<=$R10,$I10,IF(AND(ISNUMBER($G10),ISNUMBER($F10)),IF($F10<=$R10,$G10,$E10),$E10)),IF(AND(ISNUMBER($G10),ISNUMBER($F10)),IF($F10<=$R10,$G10,$E10),$E10))*(1+IF($J10="Y",0,Assumptions!$B$3)),"") -> 0.979 | V10: =IF(ISNUMBER($E10),IF(AND(ISNUMBER($I10),ISNUMBER($H10)),IF($H10<=$S10,$I10,IF(AND(ISNUMBER($G10),ISNUMBER($F10)),IF($F10<=$S10,$G10,$E10),$E10)),IF(AND(ISNUMBER($G10),ISNUMBER($F10)),IF($F10<=$S10,$G10,$E10),$E10))*(1+IF($J10="Y",0,Assumptions!$B$3)),"") -> 0.8129 | W10: =IF(ISNUMBER($T10),$Q10*$T10/Assumptions!$B$4,"") -> 3.014 | X10: =IF(ISNUMBER($U10),$R10*$U10/Assumptions!$B$5,"") -> 1.958 | Y10: =IF(ISNUMBER($V10),$S10*$V10/Assumptions!$B$6,"") -> 1.6258 | Z10: =$A10&"|"&IF(ISNUMBER($W10),TEXT($W10,"0.0000"),"x")&"|"&$L10 -> H08|3.0140|Y | AA10: =$A10&"|"&IF(ISNUMBER($Y10),TEXT($Y10,"0.0000"),"x")&"|"&$L10 -> H08|1.6258|Y
A11: H32 | B11: Mouser Australia | C11: CD74HCT32E (595-CD74HCT32E) | D11: 1 | E11: 1.36 | F11: 10 | G11: 0.999 | H11: 100 | I11: 0.799 | J11: N | K11: 845 (+2000 due 19/11/2026) | L11: Y | M11: 2026-10-25 | N11: https://au.mouser.com/c/?q=CD74HCT32E | O11: Mouser page states no GST treatment; treated as ex GST. TI PDIP-14. | P11: =IFERROR(VLOOKUP($A11,BOM!$A$2:$E$54,5,0),0) -> 1 | Q11: =CEILING($P11*Assumptions!$B$4/$D11,1) -> 1 | R11: =CEILING($P11*Assumptions!$B$5/$D11,1) -> 10 | S11: =CEILING($P11*Assumptions!$B$6/$D11,1) -> 100 | T11: =IF(ISNUMBER($E11),IF(AND(ISNUMBER($I11),ISNUMBER($H11)),IF($H11<=$Q11,$I11,IF(AND(ISNUMBER($G11),ISNUMBER($F11)),IF($F11<=$Q11,$G11,$E11),$E11)),IF(AND(ISNUMBER($G11),ISNUMBER($F11)),IF($F11<=$Q11,$G11,$E11),$E11))*(1+IF($J11="Y",0,Assumptions!$B$3)),"") -> 1.496 | U11: =IF(ISNUMBER($E11),IF(AND(ISNUMBER($I11),ISNUMBER($H11)),IF($H11<=$R11,$I11,IF(AND(ISNUMBER($G11),ISNUMBER($F11)),IF($F11<=$R11,$G11,$E11),$E11)),IF(AND(ISNUMBER($G11),ISNUMBER($F11)),IF($F11<=$R11,$G11,$E11),$E11))*(1+IF($J11="Y",0,Assumptions!$B$3)),"") -> 1.0989 | V11: =IF(ISNUMBER($E11),IF(AND(ISNUMBER($I11),ISNUMBER($H11)),IF($H11<=$S11,$I11,IF(AND(ISNUMBER($G11),ISNUMBER($F11)),IF($F11<=$S11,$G11,$E11),$E11)),IF(AND(ISNUMBER($G11),ISNUMBER($F11)),IF($F11<=$S11,$G11,$E11),$E11))*(1+IF($J11="Y",0,Assumptions!$B$3)),"") -> 0.8789 | W11: =IF(ISNUMBER($T11),$Q11*$T11/Assumptions!$B$4,"") -> 1.496 | X11: =IF(ISNUMBER($U11),$R11*$U11/Assumptions!$B$5,"") -> 1.0989 | Y11: =IF(ISNUMBER($V11),$S11*$V11/Assumptions!$B$6,"") -> 0.8789 | Z11: =$A11&"|"&IF(ISNUMBER($W11),TEXT($W11,"0.0000"),"x")&"|"&$L11 -> H32|1.4960|Y | AA11: =$A11&"|"&IF(ISNUMBER($Y11),TEXT($Y11,"0.0000"),"x")&"|"&$L11 -> H32|0.8789|Y
A12: H32 | B12: Wiltronics (AU) | C12: 74HCT32 | D12: 1 | E12: 0.66 | F12: 10 | G12: 0.6 | H12: 25 | I12: 0.48 | J12: Y | K12: not shown | L12: Y | M12: 2026-10-25 | N12: https://wiltronics.com.au/?p=335 | O12: Wiltronics states prices include GST; no stock indicator on page. Not on preferred list but Australian retailer. DIP-14. Core Electronics also lists SN74HCT32N at $2.55 inc GST, 0 local stock. | P12: =IFERROR(VLOOKUP($A12,BOM!$A$2:$E$54,5,0),0) -> 1 | Q12: =CEILING($P12*Assumptions!$B$4/$D12,1) -> 1 | R12: =CEILING($P12*Assumptions!$B$5/$D12,1) -> 10 | S12: =CEILING($P12*Assumptions!$B$6/$D12,1) -> 100 | T12: =IF(ISNUMBER($E12),IF(AND(ISNUMBER($I12),ISNUMBER($H12)),IF($H12<=$Q12,$I12,IF(AND(ISNUMBER($G12),ISNUMBER($F12)),IF($F12<=$Q12,$G12,$E12),$E12)),IF(AND(ISNUMBER($G12),ISNUMBER($F12)),IF($F12<=$Q12,$G12,$E12),$E12))*(1+IF($J12="Y",0,Assumptions!$B$3)),"") -> 0.66 | U12: =IF(ISNUMBER($E12),IF(AND(ISNUMBER($I12),ISNUMBER($H12)),IF($H12<=$R12,$I12,IF(AND(ISNUMBER($G12),ISNUMBER($F12)),IF($F12<=$R12,$G12,$E12),$E12)),IF(AND(ISNUMBER($G12),ISNUMBER($F12)),IF($F12<=$R12,$G12,$E12),$E12))*(1+IF($J12="Y",0,Assumptions!$B$3)),"") -> 0.6 | V12: =IF(ISNUMBER($E12),IF(AND(ISNUMBER($I12),ISNUMBER($H12)),IF($H12<=$S12,$I12,IF(AND(ISNUMBER($G12),ISNUMBER($F12)),IF($F12<=$S12,$G12,$E12),$E12)),IF(AND(ISNUMBER($G12),ISNUMBER($F12)),IF($F12<=$S12,$G12,$E12),$E12))*(1+IF($J12="Y",0,Assumptions!$B$3)),"") -> 0.48 | W12: =IF(ISNUMBER($T12),$Q12*$T12/Assumptions!$B$4,"") -> 0.66 | X12: =IF(ISNUMBER($U12),$R12*$U12/Assumptions!$B$5,"") -> 0.6 | Y12: =IF(ISNUMBER($V12),$S12*$V12/Assumptions!$B$6,"") -> 0.48 | Z12: =$A12&"|"&IF(ISNUMBER($W12),TEXT($W12,"0.0000"),"x")&"|"&$L12 -> H32|0.6600|Y | AA12: =$A12&"|"&IF(ISNUMBER($Y12),TEXT($Y12,"0.0000"),"x")&"|"&$L12 -> H32|0.4800|Y
A13: H32 | B13: element14 Australia | C13: SN74HCT32N (order code 3120505) | D13: 1 | E13: 1.4 | F13: 10 | G13: 0.897 | H13: 100 | I13: 0.739 | J13: N | K13: 0 on hand; available to order, deliveries from 02/01/2027, 16 wk lead | L13: Y | M13: 2026-10-25 | N13: https://au.element14.com/w/search?st=SN74HCT32N | O13: element14 shows ex GST with incl-GST in brackets; ex-GST figures recorded. TI DIP-14. | P13: =IFERROR(VLOOKUP($A13,BOM!$A$2:$E$54,5,0),0) -> 1 | Q13: =CEILING($P13*Assumptions!$B$4/$D13,1) -> 1 | R13: =CEILING($P13*Assumptions!$B$5/$D13,1) -> 10 | S13: =CEILING($P13*Assumptions!$B$6/$D13,1) -> 100 | T13: =IF(ISNUMBER($E13),IF(AND(ISNUMBER($I13),ISNUMBER($H13)),IF($H13<=$Q13,$I13,IF(AND(ISNUMBER($G13),ISNUMBER($F13)),IF($F13<=$Q13,$G13,$E13),$E13)),IF(AND(ISNUMBER($G13),ISNUMBER($F13)),IF($F13<=$Q13,$G13,$E13),$E13))*(1+IF($J13="Y",0,Assumptions!$B$3)),"") -> 1.54 | U13: =IF(ISNUMBER($E13),IF(AND(ISNUMBER($I13),ISNUMBER($H13)),IF($H13<=$R13,$I13,IF(AND(ISNUMBER($G13),ISNUMBER($F13)),IF($F13<=$R13,$G13,$E13),$E13)),IF(AND(ISNUMBER($G13),ISNUMBER($F13)),IF($F13<=$R13,$G13,$E13),$E13))*(1+IF($J13="Y",0,Assumptions!$B$3)),"") -> 0.9867 | V13: =IF(ISNUMBER($E13),IF(AND(ISNUMBER($I13),ISNUMBER($H13)),IF($H13<=$S13,$I13,IF(AND(ISNUMBER($G13),ISNUMBER($F13)),IF($F13<=$S13,$G13,$E13),$E13)),IF(AND(ISNUMBER($G13),ISNUMBER($F13)),IF($F13<=$S13,$G13,$E13),$E13))*(1+IF($J13="Y",0,Assumptions!$B$3)),"") -> 0.8129 | W13: =IF(ISNUMBER($T13),$Q13*$T13/Assumptions!$B$4,"") -> 1.54 | X13: =IF(ISNUMBER($U13),$R13*$U13/Assumptions!$B$5,"") -> 0.9867 | Y13: =IF(ISNUMBER($V13),$S13*$V13/Assumptions!$B$6,"") -> 0.8129 | Z13: =$A13&"|"&IF(ISNUMBER($W13),TEXT($W13,"0.0000"),"x")&"|"&$L13 -> H32|1.5400|Y | AA13: =$A13&"|"&IF(ISNUMBER($Y13),TEXT($Y13,"0.0000"),"x")&"|"&$L13 -> H32|0.8129|Y
A14: H86 | B14: Mouser Australia | C14: CD74HCT86E (595-CD74HCT86E) | D14: 1 | E14: 1.64 | F14: 10 | G14: 1.17 | H14: 100 | I14: 0.924 | J14: N | K14: 2754 | L14: Y | M14: 2026-10-25 | N14: https://au.mouser.com/c/?q=CD74HCT86E | O14: Mouser page states no GST treatment; treated as ex GST. TI PDIP-14. Alt on same page: CD74HCT86EE4 571 stock, 1.62/1.20/0.924. | P14: =IFERROR(VLOOKUP($A14,BOM!$A$2:$E$54,5,0),0) -> 2 | Q14: =CEILING($P14*Assumptions!$B$4/$D14,1) -> 2 | R14: =CEILING($P14*Assumptions!$B$5/$D14,1) -> 20 | S14: =CEILING($P14*Assumptions!$B$6/$D14,1) -> 200 | T14: =IF(ISNUMBER($E14),IF(AND(ISNUMBER($I14),ISNUMBER($H14)),IF($H14<=$Q14,$I14,IF(AND(ISNUMBER($G14),ISNUMBER($F14)),IF($F14<=$Q14,$G14,$E14),$E14)),IF(AND(ISNUMBER($G14),ISNUMBER($F14)),IF($F14<=$Q14,$G14,$E14),$E14))*(1+IF($J14="Y",0,Assumptions!$B$3)),"") -> 1.804 | U14: =IF(ISNUMBER($E14),IF(AND(ISNUMBER($I14),ISNUMBER($H14)),IF($H14<=$R14,$I14,IF(AND(ISNUMBER($G14),ISNUMBER($F14)),IF($F14<=$R14,$G14,$E14),$E14)),IF(AND(ISNUMBER($G14),ISNUMBER($F14)),IF($F14<=$R14,$G14,$E14),$E14))*(1+IF($J14="Y",0,Assumptions!$B$3)),"") -> 1.287 | V14: =IF(ISNUMBER($E14),IF(AND(ISNUMBER($I14),ISNUMBER($H14)),IF($H14<=$S14,$I14,IF(AND(ISNUMBER($G14),ISNUMBER($F14)),IF($F14<=$S14,$G14,$E14),$E14)),IF(AND(ISNUMBER($G14),ISNUMBER($F14)),IF($F14<=$S14,$G14,$E14),$E14))*(1+IF($J14="Y",0,Assumptions!$B$3)),"") -> 1.0164 | W14: =IF(ISNUMBER($T14),$Q14*$T14/Assumptions!$B$4,"") -> 3.608 | X14: =IF(ISNUMBER($U14),$R14*$U14/Assumptions!$B$5,"") -> 2.574 | Y14: =IF(ISNUMBER($V14),$S14*$V14/Assumptions!$B$6,"") -> 2.0328 | Z14: =$A14&"|"&IF(ISNUMBER($W14),TEXT($W14,"0.0000"),"x")&"|"&$L14 -> H86|3.6080|Y | AA14: =$A14&"|"&IF(ISNUMBER($Y14),TEXT($Y14,"0.0000"),"x")&"|"&$L14 -> H86|2.0328|Y
A15: H86 | B15: element14 Australia | C15: CD74HCT86E | D15: 1 | J15: N | L15: Y | M15: 2026-10-25 | N15: https://au.element14.com/w/search?st=CD74HCT86E | O15: No exact match on au.element14.com search (similar parts only); no DIP HCT version listed. SN74HCT86N also no match. Wiltronics 74HCT list has no 86. Only one supplier with price found; DigiKey/Altronics/Jaycar/RS pages blocked or gave no price. | P15: =IFERROR(VLOOKUP($A15,BOM!$A$2:$E$54,5,0),0) -> 2 | Q15: =CEILING($P15*Assumptions!$B$4/$D15,1) -> 2 | R15: =CEILING($P15*Assumptions!$B$5/$D15,1) -> 20 | S15: =CEILING($P15*Assumptions!$B$6/$D15,1) -> 200 | T15: =IF(ISNUMBER($E15),IF(AND(ISNUMBER($I15),ISNUMBER($H15)),IF($H15<=$Q15,$I15,IF(AND(ISNUMBER($G15),ISNUMBER($F15)),IF($F15<=$Q15,$G15,$E15),$E15)),IF(AND(ISNUMBER($G15),ISNUMBER($F15)),IF($F15<=$Q15,$G15,$E15),$E15))*(1+IF($J15="Y",0,Assumptions!$B$3)),"") | U15: =IF(ISNUMBER($E15),IF(AND(ISNUMBER($I15),ISNUMBER($H15)),IF($H15<=$R15,$I15,IF(AND(ISNUMBER($G15),ISNUMBER($F15)),IF($F15<=$R15,$G15,$E15),$E15)),IF(AND(ISNUMBER($G15),ISNUMBER($F15)),IF($F15<=$R15,$G15,$E15),$E15))*(1+IF($J15="Y",0,Assumptions!$B$3)),"") | V15: =IF(ISNUMBER($E15),IF(AND(ISNUMBER($I15),ISNUMBER($H15)),IF($H15<=$S15,$I15,IF(AND(ISNUMBER($G15),ISNUMBER($F15)),IF($F15<=$S15,$G15,$E15),$E15)),IF(AND(ISNUMBER($G15),ISNUMBER($F15)),IF($F15<=$S15,$G15,$E15),$E15))*(1+IF($J15="Y",0,Assumptions!$B$3)),"") | W15: =IF(ISNUMBER($T15),$Q15*$T15/Assumptions!$B$4,"") | X15: =IF(ISNUMBER($U15),$R15*$U15/Assumptions!$B$5,"") | Y15: =IF(ISNUMBER($V15),$S15*$V15/Assumptions!$B$6,"") | Z15: =$A15&"|"&IF(ISNUMBER($W15),TEXT($W15,"0.0000"),"x")&"|"&$L15 -> H86|x|Y | AA15: =$A15&"|"&IF(ISNUMBER($Y15),TEXT($Y15,"0.0000"),"x")&"|"&$L15 -> H86|x|Y
A16: H107 | B16: Mouser Australia | C16: CD74HCT107E (595-CD74HCT107E) | D16: 1 | E16: 4.22 | F16: 10 | G16: 3.16 | H16: 100 | I16: 2.58 | J16: N | K16: 849 | L16: Y | M16: 2026-10-25 | N16: https://au.mouser.com/ProductDetail/595-CD74HCT107E | O16: Mouser marks END OF LIFE (scheduled for discontinuation), 20 wk factory lead. Mouser page states no GST treatment; treated as ex GST. | P16: =IFERROR(VLOOKUP($A16,BOM!$A$2:$E$54,5,0),0) -> 1 | Q16: =CEILING($P16*Assumptions!$B$4/$D16,1) -> 1 | R16: =CEILING($P16*Assumptions!$B$5/$D16,1) -> 10 | S16: =CEILING($P16*Assumptions!$B$6/$D16,1) -> 100 | T16: =IF(ISNUMBER($E16),IF(AND(ISNUMBER($I16),ISNUMBER($H16)),IF($H16<=$Q16,$I16,IF(AND(ISNUMBER($G16),ISNUMBER($F16)),IF($F16<=$Q16,$G16,$E16),$E16)),IF(AND(ISNUMBER($G16),ISNUMBER($F16)),IF($F16<=$Q16,$G16,$E16),$E16))*(1+IF($J16="Y",0,Assumptions!$B$3)),"") -> 4.642 | U16: =IF(ISNUMBER($E16),IF(AND(ISNUMBER($I16),ISNUMBER($H16)),IF($H16<=$R16,$I16,IF(AND(ISNUMBER($G16),ISNUMBER($F16)),IF($F16<=$R16,$G16,$E16),$E16)),IF(AND(ISNUMBER($G16),ISNUMBER($F16)),IF($F16<=$R16,$G16,$E16),$E16))*(1+IF($J16="Y",0,Assumptions!$B$3)),"") -> 3.476 | V16: =IF(ISNUMBER($E16),IF(AND(ISNUMBER($I16),ISNUMBER($H16)),IF($H16<=$S16,$I16,IF(AND(ISNUMBER($G16),ISNUMBER($F16)),IF($F16<=$S16,$G16,$E16),$E16)),IF(AND(ISNUMBER($G16),ISNUMBER($F16)),IF($F16<=$S16,$G16,$E16),$E16))*(1+IF($J16="Y",0,Assumptions!$B$3)),"") -> 2.838 | W16: =IF(ISNUMBER($T16),$Q16*$T16/Assumptions!$B$4,"") -> 4.642 | X16: =IF(ISNUMBER($U16),$R16*$U16/Assumptions!$B$5,"") -> 3.476 | Y16: =IF(ISNUMBER($V16),$S16*$V16/Assumptions!$B$6,"") -> 2.838 | Z16: =$A16&"|"&IF(ISNUMBER($W16),TEXT($W16,"0.0000"),"x")&"|"&$L16 -> H107|4.6420|Y | AA16: =$A16&"|"&IF(ISNUMBER($Y16),TEXT($Y16,"0.0000"),"x")&"|"&$L16 -> H107|2.8380|Y
A17: H107 | B17: element14 Australia | C17: CD74HCT107E | D17: 1 | J17: N | L17: Y | M17: 2026-10-25 | N17: https://au.element14.com/w/search?st=CD74HCT107E | O17: No exact match on au.element14.com search (similar parts only); no DIP HCT version listed. Only one supplier found; part is EOL. | P17: =IFERROR(VLOOKUP($A17,BOM!$A$2:$E$54,5,0),0) -> 1 | Q17: =CEILING($P17*Assumptions!$B$4/$D17,1) -> 1 | R17: =CEILING($P17*Assumptions!$B$5/$D17,1) -> 10 | S17: =CEILING($P17*Assumptions!$B$6/$D17,1) -> 100 | T17: =IF(ISNUMBER($E17),IF(AND(ISNUMBER($I17),ISNUMBER($H17)),IF($H17<=$Q17,$I17,IF(AND(ISNUMBER($G17),ISNUMBER($F17)),IF($F17<=$Q17,$G17,$E17),$E17)),IF(AND(ISNUMBER($G17),ISNUMBER($F17)),IF($F17<=$Q17,$G17,$E17),$E17))*(1+IF($J17="Y",0,Assumptions!$B$3)),"") | U17: =IF(ISNUMBER($E17),IF(AND(ISNUMBER($I17),ISNUMBER($H17)),IF($H17<=$R17,$I17,IF(AND(ISNUMBER($G17),ISNUMBER($F17)),IF($F17<=$R17,$G17,$E17),$E17)),IF(AND(ISNUMBER($G17),ISNUMBER($F17)),IF($F17<=$R17,$G17,$E17),$E17))*(1+IF($J17="Y",0,Assumptions!$B$3)),"") | V17: =IF(ISNUMBER($E17),IF(AND(ISNUMBER($I17),ISNUMBER($H17)),IF($H17<=$S17,$I17,IF(AND(ISNUMBER($G17),ISNUMBER($F17)),IF($F17<=$S17,$G17,$E17),$E17)),IF(AND(ISNUMBER($G17),ISNUMBER($F17)),IF($F17<=$S17,$G17,$E17),$E17))*(1+IF($J17="Y",0,Assumptions!$B$3)),"") | W17: =IF(ISNUMBER($T17),$Q17*$T17/Assumptions!$B$4,"") | X17: =IF(ISNUMBER($U17),$R17*$U17/Assumptions!$B$5,"") | Y17: =IF(ISNUMBER($V17),$S17*$V17/Assumptions!$B$6,"") | Z17: =$A17&"|"&IF(ISNUMBER($W17),TEXT($W17,"0.0000"),"x")&"|"&$L17 -> H107|x|Y | AA17: =$A17&"|"&IF(ISNUMBER($Y17),TEXT($Y17,"0.0000"),"x")&"|"&$L17 -> H107|x|Y
A18: H138 | B18: Mouser Australia | C18: CD74HCT138E (595-CD74HCT138E) | D18: 1 | E18: 1.62 | F18: 10 | G18: 1.17 | H18: 100 | I18: 0.934 | J18: N | K18: 1117 | L18: Y | M18: 2026-10-25 | N18: https://au.mouser.com/c/?q=CD74HCT138E | O18: Mouser page states no GST treatment; treated as ex GST. TI PDIP-16. | P18: =IFERROR(VLOOKUP($A18,BOM!$A$2:$E$54,5,0),0) -> 1 | Q18: =CEILING($P18*Assumptions!$B$4/$D18,1) -> 1 | R18: =CEILING($P18*Assumptions!$B$5/$D18,1) -> 10 | S18: =CEILING($P18*Assumptions!$B$6/$D18,1) -> 100 | T18: =IF(ISNUMBER($E18),IF(AND(ISNUMBER($I18),ISNUMBER($H18)),IF($H18<=$Q18,$I18,IF(AND(ISNUMBER($G18),ISNUMBER($F18)),IF($F18<=$Q18,$G18,$E18),$E18)),IF(AND(ISNUMBER($G18),ISNUMBER($F18)),IF($F18<=$Q18,$G18,$E18),$E18))*(1+IF($J18="Y",0,Assumptions!$B$3)),"") -> 1.782 | U18: =IF(ISNUMBER($E18),IF(AND(ISNUMBER($I18),ISNUMBER($H18)),IF($H18<=$R18,$I18,IF(AND(ISNUMBER($G18),ISNUMBER($F18)),IF($F18<=$R18,$G18,$E18),$E18)),IF(AND(ISNUMBER($G18),ISNUMBER($F18)),IF($F18<=$R18,$G18,$E18),$E18))*(1+IF($J18="Y",0,Assumptions!$B$3)),"") -> 1.287 | V18: =IF(ISNUMBER($E18),IF(AND(ISNUMBER($I18),ISNUMBER($H18)),IF($H18<=$S18,$I18,IF(AND(ISNUMBER($G18),ISNUMBER($F18)),IF($F18<=$S18,$G18,$E18),$E18)),IF(AND(ISNUMBER($G18),ISNUMBER($F18)),IF($F18<=$S18,$G18,$E18),$E18))*(1+IF($J18="Y",0,Assumptions!$B$3)),"") -> 1.0274 | W18: =IF(ISNUMBER($T18),$Q18*$T18/Assumptions!$B$4,"") -> 1.782 | X18: =IF(ISNUMBER($U18),$R18*$U18/Assumptions!$B$5,"") -> 1.287 | Y18: =IF(ISNUMBER($V18),$S18*$V18/Assumptions!$B$6,"") -> 1.0274 | Z18: =$A18&"|"&IF(ISNUMBER($W18),TEXT($W18,"0.0000"),"x")&"|"&$L18 -> H138|1.7820|Y | AA18: =$A18&"|"&IF(ISNUMBER($Y18),TEXT($Y18,"0.0000"),"x")&"|"&$L18 -> H138|1.0274|Y
A19: H138 | B19: Wiltronics (AU) | C19: 74HCT138 | D19: 1 | E19: 1.1 | F19: 10 | G19: 0.99 | H19: 25 | I19: 0.79 | J19: Y | K19: not shown | L19: Y | M19: 2026-10-25 | N19: https://www.wiltronics.com.au/product/321/74hct138-expandable-38-decoder-2/ | O19: Wiltronics states prices include GST; no stock indicator on page. Not on preferred list but Australian retailer. DIP-16. Product page shows $1.10 but the category listing shows $2.45; confirm at cart. element14: no match. | P19: =IFERROR(VLOOKUP($A19,BOM!$A$2:$E$54,5,0),0) -> 1 | Q19: =CEILING($P19*Assumptions!$B$4/$D19,1) -> 1 | R19: =CEILING($P19*Assumptions!$B$5/$D19,1) -> 10 | S19: =CEILING($P19*Assumptions!$B$6/$D19,1) -> 100 | T19: =IF(ISNUMBER($E19),IF(AND(ISNUMBER($I19),ISNUMBER($H19)),IF($H19<=$Q19,$I19,IF(AND(ISNUMBER($G19),ISNUMBER($F19)),IF($F19<=$Q19,$G19,$E19),$E19)),IF(AND(ISNUMBER($G19),ISNUMBER($F19)),IF($F19<=$Q19,$G19,$E19),$E19))*(1+IF($J19="Y",0,Assumptions!$B$3)),"") -> 1.1 | U19: =IF(ISNUMBER($E19),IF(AND(ISNUMBER($I19),ISNUMBER($H19)),IF($H19<=$R19,$I19,IF(AND(ISNUMBER($G19),ISNUMBER($F19)),IF($F19<=$R19,$G19,$E19),$E19)),IF(AND(ISNUMBER($G19),ISNUMBER($F19)),IF($F19<=$R19,$G19,$E19),$E19))*(1+IF($J19="Y",0,Assumptions!$B$3)),"") -> 0.99 | V19: =IF(ISNUMBER($E19),IF(AND(ISNUMBER($I19),ISNUMBER($H19)),IF($H19<=$S19,$I19,IF(AND(ISNUMBER($G19),ISNUMBER($F19)),IF($F19<=$S19,$G19,$E19),$E19)),IF(AND(ISNUMBER($G19),ISNUMBER($F19)),IF($F19<=$S19,$G19,$E19),$E19))*(1+IF($J19="Y",0,Assumptions!$B$3)),"") -> 0.79 | W19: =IF(ISNUMBER($T19),$Q19*$T19/Assumptions!$B$4,"") -> 1.1 | X19: =IF(ISNUMBER($U19),$R19*$U19/Assumptions!$B$5,"") -> 0.99 | Y19: =IF(ISNUMBER($V19),$S19*$V19/Assumptions!$B$6,"") -> 0.79 | Z19: =$A19&"|"&IF(ISNUMBER($W19),TEXT($W19,"0.0000"),"x")&"|"&$L19 -> H138|1.1000|Y | AA19: =$A19&"|"&IF(ISNUMBER($Y19),TEXT($Y19,"0.0000"),"x")&"|"&$L19 -> H138|0.7900|Y
A20: H139 | B20: Mouser Australia | C20: CD74HCT139E (595-CD74HCT139E) | D20: 1 | E20: 1.54 | F20: 10 | G20: 1.1 | H20: 100 | I20: 0.879 | J20: N | K20: 970 | L20: Y | M20: 2026-10-25 | N20: https://au.mouser.com/c/?q=CD74HCT139E | O20: Mouser page states no GST treatment; treated as ex GST. TI PDIP-16. Alt same page: CD74HCT139EE4 750 stock, 1.61/1.18/0.914. | P20: =IFERROR(VLOOKUP($A20,BOM!$A$2:$E$54,5,0),0) -> 2 | Q20: =CEILING($P20*Assumptions!$B$4/$D20,1) -> 2 | R20: =CEILING($P20*Assumptions!$B$5/$D20,1) -> 20 | S20: =CEILING($P20*Assumptions!$B$6/$D20,1) -> 200 | T20: =IF(ISNUMBER($E20),IF(AND(ISNUMBER($I20),ISNUMBER($H20)),IF($H20<=$Q20,$I20,IF(AND(ISNUMBER($G20),ISNUMBER($F20)),IF($F20<=$Q20,$G20,$E20),$E20)),IF(AND(ISNUMBER($G20),ISNUMBER($F20)),IF($F20<=$Q20,$G20,$E20),$E20))*(1+IF($J20="Y",0,Assumptions!$B$3)),"") -> 1.694 | U20: =IF(ISNUMBER($E20),IF(AND(ISNUMBER($I20),ISNUMBER($H20)),IF($H20<=$R20,$I20,IF(AND(ISNUMBER($G20),ISNUMBER($F20)),IF($F20<=$R20,$G20,$E20),$E20)),IF(AND(ISNUMBER($G20),ISNUMBER($F20)),IF($F20<=$R20,$G20,$E20),$E20))*(1+IF($J20="Y",0,Assumptions!$B$3)),"") -> 1.21 | V20: =IF(ISNUMBER($E20),IF(AND(ISNUMBER($I20),ISNUMBER($H20)),IF($H20<=$S20,$I20,IF(AND(ISNUMBER($G20),ISNUMBER($F20)),IF($F20<=$S20,$G20,$E20),$E20)),IF(AND(ISNUMBER($G20),ISNUMBER($F20)),IF($F20<=$S20,$G20,$E20),$E20))*(1+IF($J20="Y",0,Assumptions!$B$3)),"") -> 0.9669 | W20: =IF(ISNUMBER($T20),$Q20*$T20/Assumptions!$B$4,"") -> 3.388 | X20: =IF(ISNUMBER($U20),$R20*$U20/Assumptions!$B$5,"") -> 2.42 | Y20: =IF(ISNUMBER($V20),$S20*$V20/Assumptions!$B$6,"") -> 1.9338 | Z20: =$A20&"|"&IF(ISNUMBER($W20),TEXT($W20,"0.0000"),"x")&"|"&$L20 -> H139|3.3880|Y | AA20: =$A20&"|"&IF(ISNUMBER($Y20),TEXT($Y20,"0.0000"),"x")&"|"&$L20 -> H139|1.9338|Y
A21: H139 | B21: element14 Australia | C21: CD74HCT139E | D21: 1 | J21: N | L21: Y | M21: 2026-10-25 | N21: https://au.element14.com/w/search?st=CD74HCT139E | O21: No exact match on au.element14.com search (similar parts only); no DIP HCT version listed. Wiltronics has 74HC139 only (HC, not HCT). Only one HCT supplier found. | P21: =IFERROR(VLOOKUP($A21,BOM!$A$2:$E$54,5,0),0) -> 2 | Q21: =CEILING($P21*Assumptions!$B$4/$D21,1) -> 2 | R21: =CEILING($P21*Assumptions!$B$5/$D21,1) -> 20 | S21: =CEILING($P21*Assumptions!$B$6/$D21,1) -> 200 | T21: =IF(ISNUMBER($E21),IF(AND(ISNUMBER($I21),ISNUMBER($H21)),IF($H21<=$Q21,$I21,IF(AND(ISNUMBER($G21),ISNUMBER($F21)),IF($F21<=$Q21,$G21,$E21),$E21)),IF(AND(ISNUMBER($G21),ISNUMBER($F21)),IF($F21<=$Q21,$G21,$E21),$E21))*(1+IF($J21="Y",0,Assumptions!$B$3)),"") | U21: =IF(ISNUMBER($E21),IF(AND(ISNUMBER($I21),ISNUMBER($H21)),IF($H21<=$R21,$I21,IF(AND(ISNUMBER($G21),ISNUMBER($F21)),IF($F21<=$R21,$G21,$E21),$E21)),IF(AND(ISNUMBER($G21),ISNUMBER($F21)),IF($F21<=$R21,$G21,$E21),$E21))*(1+IF($J21="Y",0,Assumptions!$B$3)),"") | V21: =IF(ISNUMBER($E21),IF(AND(ISNUMBER($I21),ISNUMBER($H21)),IF($H21<=$S21,$I21,IF(AND(ISNUMBER($G21),ISNUMBER($F21)),IF($F21<=$S21,$G21,$E21),$E21)),IF(AND(ISNUMBER($G21),ISNUMBER($F21)),IF($F21<=$S21,$G21,$E21),$E21))*(1+IF($J21="Y",0,Assumptions!$B$3)),"") | W21: =IF(ISNUMBER($T21),$Q21*$T21/Assumptions!$B$4,"") | X21: =IF(ISNUMBER($U21),$R21*$U21/Assumptions!$B$5,"") | Y21: =IF(ISNUMBER($V21),$S21*$V21/Assumptions!$B$6,"") | Z21: =$A21&"|"&IF(ISNUMBER($W21),TEXT($W21,"0.0000"),"x")&"|"&$L21 -> H139|x|Y | AA21: =$A21&"|"&IF(ISNUMBER($Y21),TEXT($Y21,"0.0000"),"x")&"|"&$L21 -> H139|x|Y
A22: H157 | B22: Mouser Australia | C22: CD74HCT157E (595-CD74HCT157E) | D22: 1 | E22: 1.57 | F22: 10 | G22: 1.13 | H22: 100 | I22: 0.899 | J22: N | K22: 233 (+1000 due 19/11/2026) | L22: Y | M22: 2026-10-25 | N22: https://au.mouser.com/c/?q=CD74HCT157E | O22: Mouser page states no GST treatment; treated as ex GST. TI PDIP-16. | P22: =IFERROR(VLOOKUP($A22,BOM!$A$2:$E$54,5,0),0) -> 2 | Q22: =CEILING($P22*Assumptions!$B$4/$D22,1) -> 2 | R22: =CEILING($P22*Assumptions!$B$5/$D22,1) -> 20 | S22: =CEILING($P22*Assumptions!$B$6/$D22,1) -> 200 | T22: =IF(ISNUMBER($E22),IF(AND(ISNUMBER($I22),ISNUMBER($H22)),IF($H22<=$Q22,$I22,IF(AND(ISNUMBER($G22),ISNUMBER($F22)),IF($F22<=$Q22,$G22,$E22),$E22)),IF(AND(ISNUMBER($G22),ISNUMBER($F22)),IF($F22<=$Q22,$G22,$E22),$E22))*(1+IF($J22="Y",0,Assumptions!$B$3)),"") -> 1.727 | U22: =IF(ISNUMBER($E22),IF(AND(ISNUMBER($I22),ISNUMBER($H22)),IF($H22<=$R22,$I22,IF(AND(ISNUMBER($G22),ISNUMBER($F22)),IF($F22<=$R22,$G22,$E22),$E22)),IF(AND(ISNUMBER($G22),ISNUMBER($F22)),IF($F22<=$R22,$G22,$E22),$E22))*(1+IF($J22="Y",0,Assumptions!$B$3)),"") -> 1.243 | V22: =IF(ISNUMBER($E22),IF(AND(ISNUMBER($I22),ISNUMBER($H22)),IF($H22<=$S22,$I22,IF(AND(ISNUMBER($G22),ISNUMBER($F22)),IF($F22<=$S22,$G22,$E22),$E22)),IF(AND(ISNUMBER($G22),ISNUMBER($F22)),IF($F22<=$S22,$G22,$E22),$E22))*(1+IF($J22="Y",0,Assumptions!$B$3)),"") -> 0.9889 | W22: =IF(ISNUMBER($T22),$Q22*$T22/Assumptions!$B$4,"") -> 3.454 | X22: =IF(ISNUMBER($U22),$R22*$U22/Assumptions!$B$5,"") -> 2.486 | Y22: =IF(ISNUMBER($V22),$S22*$V22/Assumptions!$B$6,"") -> 1.9778 | Z22: =$A22&"|"&IF(ISNUMBER($W22),TEXT($W22,"0.0000"),"x")&"|"&$L22 -> H157|3.4540|Y | AA22: =$A22&"|"&IF(ISNUMBER($Y22),TEXT($Y22,"0.0000"),"x")&"|"&$L22 -> H157|1.9778|Y
A23: H157 | B23: element14 Australia | C23: SN74HCT157N (order code 3121103) | D23: 1 | E23: 1.69 | F23: 10 | G23: 1.11 | H23: 100 | I23: 0.913 | J23: N | K23: 297 | L23: Y | M23: 2026-10-25 | N23: https://au.element14.com/w/search?st=SN74HCT157N | O23: element14 shows ex GST with incl-GST in brackets; ex-GST figures recorded. TI DIP-16; incl GST 1.859/1.221/1.0043. | P23: =IFERROR(VLOOKUP($A23,BOM!$A$2:$E$54,5,0),0) -> 2 | Q23: =CEILING($P23*Assumptions!$B$4/$D23,1) -> 2 | R23: =CEILING($P23*Assumptions!$B$5/$D23,1) -> 20 | S23: =CEILING($P23*Assumptions!$B$6/$D23,1) -> 200 | T23: =IF(ISNUMBER($E23),IF(AND(ISNUMBER($I23),ISNUMBER($H23)),IF($H23<=$Q23,$I23,IF(AND(ISNUMBER($G23),ISNUMBER($F23)),IF($F23<=$Q23,$G23,$E23),$E23)),IF(AND(ISNUMBER($G23),ISNUMBER($F23)),IF($F23<=$Q23,$G23,$E23),$E23))*(1+IF($J23="Y",0,Assumptions!$B$3)),"") -> 1.859 | U23: =IF(ISNUMBER($E23),IF(AND(ISNUMBER($I23),ISNUMBER($H23)),IF($H23<=$R23,$I23,IF(AND(ISNUMBER($G23),ISNUMBER($F23)),IF($F23<=$R23,$G23,$E23),$E23)),IF(AND(ISNUMBER($G23),ISNUMBER($F23)),IF($F23<=$R23,$G23,$E23),$E23))*(1+IF($J23="Y",0,Assumptions!$B$3)),"") -> 1.221 | V23: =IF(ISNUMBER($E23),IF(AND(ISNUMBER($I23),ISNUMBER($H23)),IF($H23<=$S23,$I23,IF(AND(ISNUMBER($G23),ISNUMBER($F23)),IF($F23<=$S23,$G23,$E23),$E23)),IF(AND(ISNUMBER($G23),ISNUMBER($F23)),IF($F23<=$S23,$G23,$E23),$E23))*(1+IF($J23="Y",0,Assumptions!$B$3)),"") -> 1.0043 | W23: =IF(ISNUMBER($T23),$Q23*$T23/Assumptions!$B$4,"") -> 3.718 | X23: =IF(ISNUMBER($U23),$R23*$U23/Assumptions!$B$5,"") -> 2.442 | Y23: =IF(ISNUMBER($V23),$S23*$V23/Assumptions!$B$6,"") -> 2.0086 | Z23: =$A23&"|"&IF(ISNUMBER($W23),TEXT($W23,"0.0000"),"x")&"|"&$L23 -> H157|3.7180|Y | AA23: =$A23&"|"&IF(ISNUMBER($Y23),TEXT($Y23,"0.0000"),"x")&"|"&$L23 -> H157|2.0086|Y
A24: H161 | B24: Mouser Australia | C24: CD74HCT161E (595-CD74HCT161E) | D24: 1 | E24: 1.94 | F24: 10 | G24: 1.41 | H24: 100 | I24: 1.13 | J24: N | K24: 486 | L24: Y | M24: 2026-10-25 | N24: https://au.mouser.com/c/?q=CD74HCT161E | O24: Mouser page states no GST treatment; treated as ex GST. TI PDIP-16. Alt same page: CD74HCT161EE4 41 stock (+1000 due 23/04/2027). | P24: =IFERROR(VLOOKUP($A24,BOM!$A$2:$E$54,5,0),0) -> 2 | Q24: =CEILING($P24*Assumptions!$B$4/$D24,1) -> 2 | R24: =CEILING($P24*Assumptions!$B$5/$D24,1) -> 20 | S24: =CEILING($P24*Assumptions!$B$6/$D24,1) -> 200 | T24: =IF(ISNUMBER($E24),IF(AND(ISNUMBER($I24),ISNUMBER($H24)),IF($H24<=$Q24,$I24,IF(AND(ISNUMBER($G24),ISNUMBER($F24)),IF($F24<=$Q24,$G24,$E24),$E24)),IF(AND(ISNUMBER($G24),ISNUMBER($F24)),IF($F24<=$Q24,$G24,$E24),$E24))*(1+IF($J24="Y",0,Assumptions!$B$3)),"") -> 2.134 | U24: =IF(ISNUMBER($E24),IF(AND(ISNUMBER($I24),ISNUMBER($H24)),IF($H24<=$R24,$I24,IF(AND(ISNUMBER($G24),ISNUMBER($F24)),IF($F24<=$R24,$G24,$E24),$E24)),IF(AND(ISNUMBER($G24),ISNUMBER($F24)),IF($F24<=$R24,$G24,$E24),$E24))*(1+IF($J24="Y",0,Assumptions!$B$3)),"") -> 1.551 | V24: =IF(ISNUMBER($E24),IF(AND(ISNUMBER($I24),ISNUMBER($H24)),IF($H24<=$S24,$I24,IF(AND(ISNUMBER($G24),ISNUMBER($F24)),IF($F24<=$S24,$G24,$E24),$E24)),IF(AND(ISNUMBER($G24),ISNUMBER($F24)),IF($F24<=$S24,$G24,$E24),$E24))*(1+IF($J24="Y",0,Assumptions!$B$3)),"") -> 1.243 | W24: =IF(ISNUMBER($T24),$Q24*$T24/Assumptions!$B$4,"") -> 4.268 | X24: =IF(ISNUMBER($U24),$R24*$U24/Assumptions!$B$5,"") -> 3.102 | Y24: =IF(ISNUMBER($V24),$S24*$V24/Assumptions!$B$6,"") -> 2.486 | Z24: =$A24&"|"&IF(ISNUMBER($W24),TEXT($W24,"0.0000"),"x")&"|"&$L24 -> H161|4.2680|Y | AA24: =$A24&"|"&IF(ISNUMBER($Y24),TEXT($Y24,"0.0000"),"x")&"|"&$L24 -> H161|2.4860|Y
A25: H161 | B25: element14 Australia | C25: CD74HCT161E | D25: 1 | J25: N | L25: Y | M25: 2026-10-25 | N25: https://au.element14.com/w/search?st=CD74HCT161E | O25: No exact match on au.element14.com search (similar parts only); no DIP HCT version listed. Only one supplier found. | P25: =IFERROR(VLOOKUP($A25,BOM!$A$2:$E$54,5,0),0) -> 2 | Q25: =CEILING($P25*Assumptions!$B$4/$D25,1) -> 2 | R25: =CEILING($P25*Assumptions!$B$5/$D25,1) -> 20 | S25: =CEILING($P25*Assumptions!$B$6/$D25,1) -> 200 | T25: =IF(ISNUMBER($E25),IF(AND(ISNUMBER($I25),ISNUMBER($H25)),IF($H25<=$Q25,$I25,IF(AND(ISNUMBER($G25),ISNUMBER($F25)),IF($F25<=$Q25,$G25,$E25),$E25)),IF(AND(ISNUMBER($G25),ISNUMBER($F25)),IF($F25<=$Q25,$G25,$E25),$E25))*(1+IF($J25="Y",0,Assumptions!$B$3)),"") | U25: =IF(ISNUMBER($E25),IF(AND(ISNUMBER($I25),ISNUMBER($H25)),IF($H25<=$R25,$I25,IF(AND(ISNUMBER($G25),ISNUMBER($F25)),IF($F25<=$R25,$G25,$E25),$E25)),IF(AND(ISNUMBER($G25),ISNUMBER($F25)),IF($F25<=$R25,$G25,$E25),$E25))*(1+IF($J25="Y",0,Assumptions!$B$3)),"") | V25: =IF(ISNUMBER($E25),IF(AND(ISNUMBER($I25),ISNUMBER($H25)),IF($H25<=$S25,$I25,IF(AND(ISNUMBER($G25),ISNUMBER($F25)),IF($F25<=$S25,$G25,$E25),$E25)),IF(AND(ISNUMBER($G25),ISNUMBER($F25)),IF($F25<=$S25,$G25,$E25),$E25))*(1+IF($J25="Y",0,Assumptions!$B$3)),"") | W25: =IF(ISNUMBER($T25),$Q25*$T25/Assumptions!$B$4,"") | X25: =IF(ISNUMBER($U25),$R25*$U25/Assumptions!$B$5,"") | Y25: =IF(ISNUMBER($V25),$S25*$V25/Assumptions!$B$6,"") | Z25: =$A25&"|"&IF(ISNUMBER($W25),TEXT($W25,"0.0000"),"x")&"|"&$L25 -> H161|x|Y | AA25: =$A25&"|"&IF(ISNUMBER($Y25),TEXT($Y25,"0.0000"),"x")&"|"&$L25 -> H161|x|Y
A26: H173 | B26: Mouser Australia | C26: CD74HCT173E (595-CD74HCT173E) | D26: 1 | E26: 1.39 | F26: 10 | G26: 1.02 | H26: 100 | I26: 0.822 | J26: N | K26: 1717 | L26: Y | M26: 2026-10-25 | N26: https://au.mouser.com/c/?q=CD74HCT173E | O26: Mouser page states no GST treatment; treated as ex GST. TI PDIP-16. | P26: =IFERROR(VLOOKUP($A26,BOM!$A$2:$E$54,5,0),0) -> 9 | Q26: =CEILING($P26*Assumptions!$B$4/$D26,1) -> 9 | R26: =CEILING($P26*Assumptions!$B$5/$D26,1) -> 90 | S26: =CEILING($P26*Assumptions!$B$6/$D26,1) -> 900 | T26: =IF(ISNUMBER($E26),IF(AND(ISNUMBER($I26),ISNUMBER($H26)),IF($H26<=$Q26,$I26,IF(AND(ISNUMBER($G26),ISNUMBER($F26)),IF($F26<=$Q26,$G26,$E26),$E26)),IF(AND(ISNUMBER($G26),ISNUMBER($F26)),IF($F26<=$Q26,$G26,$E26),$E26))*(1+IF($J26="Y",0,Assumptions!$B$3)),"") -> 1.529 | U26: =IF(ISNUMBER($E26),IF(AND(ISNUMBER($I26),ISNUMBER($H26)),IF($H26<=$R26,$I26,IF(AND(ISNUMBER($G26),ISNUMBER($F26)),IF($F26<=$R26,$G26,$E26),$E26)),IF(AND(ISNUMBER($G26),ISNUMBER($F26)),IF($F26<=$R26,$G26,$E26),$E26))*(1+IF($J26="Y",0,Assumptions!$B$3)),"") -> 1.122 | V26: =IF(ISNUMBER($E26),IF(AND(ISNUMBER($I26),ISNUMBER($H26)),IF($H26<=$S26,$I26,IF(AND(ISNUMBER($G26),ISNUMBER($F26)),IF($F26<=$S26,$G26,$E26),$E26)),IF(AND(ISNUMBER($G26),ISNUMBER($F26)),IF($F26<=$S26,$G26,$E26),$E26))*(1+IF($J26="Y",0,Assumptions!$B$3)),"") -> 0.9042 | W26: =IF(ISNUMBER($T26),$Q26*$T26/Assumptions!$B$4,"") -> 13.761 | X26: =IF(ISNUMBER($U26),$R26*$U26/Assumptions!$B$5,"") -> 10.098 | Y26: =IF(ISNUMBER($V26),$S26*$V26/Assumptions!$B$6,"") -> 8.1378 | Z26: =$A26&"|"&IF(ISNUMBER($W26),TEXT($W26,"0.0000"),"x")&"|"&$L26 -> H173|13.7610|Y | AA26: =$A26&"|"&IF(ISNUMBER($Y26),TEXT($Y26,"0.0000"),"x")&"|"&$L26 -> H173|8.1378|Y
A27: H173 | B27: Wiltronics (AU) | C27: 74HCT173 | D27: 1 | E27: 1.12 | F27: 10 | G27: 1.01 | H27: 25 | I27: 0.8 | J27: Y | K27: not shown | L27: Y | M27: 2026-10-25 | N27: https://www.wiltronics.com.au/product/329/74hct173-tri-state-quad-d-flipflop/ | O27: Wiltronics states prices include GST; no stock indicator on page. Not on preferred list but Australian retailer. DIP-16. Needs 900 for 100 kits; stock unknown. element14: no match. | P27: =IFERROR(VLOOKUP($A27,BOM!$A$2:$E$54,5,0),0) -> 9 | Q27: =CEILING($P27*Assumptions!$B$4/$D27,1) -> 9 | R27: =CEILING($P27*Assumptions!$B$5/$D27,1) -> 90 | S27: =CEILING($P27*Assumptions!$B$6/$D27,1) -> 900 | T27: =IF(ISNUMBER($E27),IF(AND(ISNUMBER($I27),ISNUMBER($H27)),IF($H27<=$Q27,$I27,IF(AND(ISNUMBER($G27),ISNUMBER($F27)),IF($F27<=$Q27,$G27,$E27),$E27)),IF(AND(ISNUMBER($G27),ISNUMBER($F27)),IF($F27<=$Q27,$G27,$E27),$E27))*(1+IF($J27="Y",0,Assumptions!$B$3)),"") -> 1.12 | U27: =IF(ISNUMBER($E27),IF(AND(ISNUMBER($I27),ISNUMBER($H27)),IF($H27<=$R27,$I27,IF(AND(ISNUMBER($G27),ISNUMBER($F27)),IF($F27<=$R27,$G27,$E27),$E27)),IF(AND(ISNUMBER($G27),ISNUMBER($F27)),IF($F27<=$R27,$G27,$E27),$E27))*(1+IF($J27="Y",0,Assumptions!$B$3)),"") -> 0.8 | V27: =IF(ISNUMBER($E27),IF(AND(ISNUMBER($I27),ISNUMBER($H27)),IF($H27<=$S27,$I27,IF(AND(ISNUMBER($G27),ISNUMBER($F27)),IF($F27<=$S27,$G27,$E27),$E27)),IF(AND(ISNUMBER($G27),ISNUMBER($F27)),IF($F27<=$S27,$G27,$E27),$E27))*(1+IF($J27="Y",0,Assumptions!$B$3)),"") -> 0.8 | W27: =IF(ISNUMBER($T27),$Q27*$T27/Assumptions!$B$4,"") -> 10.08 | X27: =IF(ISNUMBER($U27),$R27*$U27/Assumptions!$B$5,"") -> 7.2 | Y27: =IF(ISNUMBER($V27),$S27*$V27/Assumptions!$B$6,"") -> 7.2 | Z27: =$A27&"|"&IF(ISNUMBER($W27),TEXT($W27,"0.0000"),"x")&"|"&$L27 -> H173|10.0800|Y | AA27: =$A27&"|"&IF(ISNUMBER($Y27),TEXT($Y27,"0.0000"),"x")&"|"&$L27 -> H173|7.2000|Y
A28: H174 | B28: Mouser Australia | C28: CD74HCT174E (595-CD74HCT174E) | D28: 1 | E28: 2 | F28: 10 | G28: 1.46 | H28: 100 | I28: 1.17 | J28: N | K28: 313 | L28: Y | M28: 2026-10-25 | N28: https://au.mouser.com/c/?q=CD74HCT174E | O28: Mouser page states no GST treatment; treated as ex GST. TI PDIP-16. | P28: =IFERROR(VLOOKUP($A28,BOM!$A$2:$E$54,5,0),0) -> 1 | Q28: =CEILING($P28*Assumptions!$B$4/$D28,1) -> 1 | R28: =CEILING($P28*Assumptions!$B$5/$D28,1) -> 10 | S28: =CEILING($P28*Assumptions!$B$6/$D28,1) -> 100 | T28: =IF(ISNUMBER($E28),IF(AND(ISNUMBER($I28),ISNUMBER($H28)),IF($H28<=$Q28,$I28,IF(AND(ISNUMBER($G28),ISNUMBER($F28)),IF($F28<=$Q28,$G28,$E28),$E28)),IF(AND(ISNUMBER($G28),ISNUMBER($F28)),IF($F28<=$Q28,$G28,$E28),$E28))*(1+IF($J28="Y",0,Assumptions!$B$3)),"") -> 2.2 | U28: =IF(ISNUMBER($E28),IF(AND(ISNUMBER($I28),ISNUMBER($H28)),IF($H28<=$R28,$I28,IF(AND(ISNUMBER($G28),ISNUMBER($F28)),IF($F28<=$R28,$G28,$E28),$E28)),IF(AND(ISNUMBER($G28),ISNUMBER($F28)),IF($F28<=$R28,$G28,$E28),$E28))*(1+IF($J28="Y",0,Assumptions!$B$3)),"") -> 1.606 | V28: =IF(ISNUMBER($E28),IF(AND(ISNUMBER($I28),ISNUMBER($H28)),IF($H28<=$S28,$I28,IF(AND(ISNUMBER($G28),ISNUMBER($F28)),IF($F28<=$S28,$G28,$E28),$E28)),IF(AND(ISNUMBER($G28),ISNUMBER($F28)),IF($F28<=$S28,$G28,$E28),$E28))*(1+IF($J28="Y",0,Assumptions!$B$3)),"") -> 1.287 | W28: =IF(ISNUMBER($T28),$Q28*$T28/Assumptions!$B$4,"") -> 2.2 | X28: =IF(ISNUMBER($U28),$R28*$U28/Assumptions!$B$5,"") -> 1.606 | Y28: =IF(ISNUMBER($V28),$S28*$V28/Assumptions!$B$6,"") -> 1.287 | Z28: =$A28&"|"&IF(ISNUMBER($W28),TEXT($W28,"0.0000"),"x")&"|"&$L28 -> H174|2.2000|Y | AA28: =$A28&"|"&IF(ISNUMBER($Y28),TEXT($Y28,"0.0000"),"x")&"|"&$L28 -> H174|1.2870|Y
A29: H174 | B29: element14 Australia | C29: CD74HCT174E | D29: 1 | J29: N | L29: Y | M29: 2026-10-25 | N29: https://au.element14.com/w/search?st=CD74HCT174E | O29: No exact match on au.element14.com search (similar parts only); no DIP HCT version listed. element14 and Wiltronics list 74HC174 (HC) only. Only one HCT supplier found. | P29: =IFERROR(VLOOKUP($A29,BOM!$A$2:$E$54,5,0),0) -> 1 | Q29: =CEILING($P29*Assumptions!$B$4/$D29,1) -> 1 | R29: =CEILING($P29*Assumptions!$B$5/$D29,1) -> 10 | S29: =CEILING($P29*Assumptions!$B$6/$D29,1) -> 100 | T29: =IF(ISNUMBER($E29),IF(AND(ISNUMBER($I29),ISNUMBER($H29)),IF($H29<=$Q29,$I29,IF(AND(ISNUMBER($G29),ISNUMBER($F29)),IF($F29<=$Q29,$G29,$E29),$E29)),IF(AND(ISNUMBER($G29),ISNUMBER($F29)),IF($F29<=$Q29,$G29,$E29),$E29))*(1+IF($J29="Y",0,Assumptions!$B$3)),"") | U29: =IF(ISNUMBER($E29),IF(AND(ISNUMBER($I29),ISNUMBER($H29)),IF($H29<=$R29,$I29,IF(AND(ISNUMBER($G29),ISNUMBER($F29)),IF($F29<=$R29,$G29,$E29),$E29)),IF(AND(ISNUMBER($G29),ISNUMBER($F29)),IF($F29<=$R29,$G29,$E29),$E29))*(1+IF($J29="Y",0,Assumptions!$B$3)),"") | V29: =IF(ISNUMBER($E29),IF(AND(ISNUMBER($I29),ISNUMBER($H29)),IF($H29<=$S29,$I29,IF(AND(ISNUMBER($G29),ISNUMBER($F29)),IF($F29<=$S29,$G29,$E29),$E29)),IF(AND(ISNUMBER($G29),ISNUMBER($F29)),IF($F29<=$S29,$G29,$E29),$E29))*(1+IF($J29="Y",0,Assumptions!$B$3)),"") | W29: =IF(ISNUMBER($T29),$Q29*$T29/Assumptions!$B$4,"") | X29: =IF(ISNUMBER($U29),$R29*$U29/Assumptions!$B$5,"") | Y29: =IF(ISNUMBER($V29),$S29*$V29/Assumptions!$B$6,"") | Z29: =$A29&"|"&IF(ISNUMBER($W29),TEXT($W29,"0.0000"),"x")&"|"&$L29 -> H174|x|Y | AA29: =$A29&"|"&IF(ISNUMBER($Y29),TEXT($Y29,"0.0000"),"x")&"|"&$L29 -> H174|x|Y
A30: H245 | B30: Mouser Australia | C30: CD74HCT245E (595-CD74HCT245E) | D30: 1 | E30: 1.41 | F30: 10 | G30: 0.992 | H30: 100 | I30: 0.832 | J30: N | K30: 2044 | L30: Y | M30: 2026-10-25 | N30: https://au.mouser.com/ProductDetail/595-CD74HCT245E | O30: Mouser page states no GST treatment; treated as ex GST. TI PDIP-20. Break 20 = 0.919. Also SN74HCT245N 595-SN74HCT245N 6211 stock 1.42/0.973/0.837. | P30: =IFERROR(VLOOKUP($A30,BOM!$A$2:$E$54,5,0),0) -> 9 | Q30: =CEILING($P30*Assumptions!$B$4/$D30,1) -> 9 | R30: =CEILING($P30*Assumptions!$B$5/$D30,1) -> 90 | S30: =CEILING($P30*Assumptions!$B$6/$D30,1) -> 900 | T30: =IF(ISNUMBER($E30),IF(AND(ISNUMBER($I30),ISNUMBER($H30)),IF($H30<=$Q30,$I30,IF(AND(ISNUMBER($G30),ISNUMBER($F30)),IF($F30<=$Q30,$G30,$E30),$E30)),IF(AND(ISNUMBER($G30),ISNUMBER($F30)),IF($F30<=$Q30,$G30,$E30),$E30))*(1+IF($J30="Y",0,Assumptions!$B$3)),"") -> 1.551 | U30: =IF(ISNUMBER($E30),IF(AND(ISNUMBER($I30),ISNUMBER($H30)),IF($H30<=$R30,$I30,IF(AND(ISNUMBER($G30),ISNUMBER($F30)),IF($F30<=$R30,$G30,$E30),$E30)),IF(AND(ISNUMBER($G30),ISNUMBER($F30)),IF($F30<=$R30,$G30,$E30),$E30))*(1+IF($J30="Y",0,Assumptions!$B$3)),"") -> 1.0912 | V30: =IF(ISNUMBER($E30),IF(AND(ISNUMBER($I30),ISNUMBER($H30)),IF($H30<=$S30,$I30,IF(AND(ISNUMBER($G30),ISNUMBER($F30)),IF($F30<=$S30,$G30,$E30),$E30)),IF(AND(ISNUMBER($G30),ISNUMBER($F30)),IF($F30<=$S30,$G30,$E30),$E30))*(1+IF($J30="Y",0,Assumptions!$B$3)),"") -> 0.9152 | W30: =IF(ISNUMBER($T30),$Q30*$T30/Assumptions!$B$4,"") -> 13.959 | X30: =IF(ISNUMBER($U30),$R30*$U30/Assumptions!$B$5,"") -> 9.8208 | Y30: =IF(ISNUMBER($V30),$S30*$V30/Assumptions!$B$6,"") -> 8.2368 | Z30: =$A30&"|"&IF(ISNUMBER($W30),TEXT($W30,"0.0000"),"x")&"|"&$L30 -> H245|13.9590|Y | AA30: =$A30&"|"&IF(ISNUMBER($Y30),TEXT($Y30,"0.0000"),"x")&"|"&$L30 -> H245|8.2368|Y
A31: H245 | B31: element14 Australia | C31: SN74HCT245N (order code 3119519) | D31: 1 | E31: 1.46 | F31: 10 | G31: 0.926 | H31: 100 | I31: 0.797 | J31: N | K31: 173 (+1000 incoming) | L31: Y | M31: 2026-10-25 | N31: https://au.element14.com/w/search?st=SN74HCT245N | O31: element14 shows ex GST with incl-GST in brackets; ex-GST figures recorded. TI DIP-20; 16 wk lead. Needs 900 for 100 kits. | P31: =IFERROR(VLOOKUP($A31,BOM!$A$2:$E$54,5,0),0) -> 9 | Q31: =CEILING($P31*Assumptions!$B$4/$D31,1) -> 9 | R31: =CEILING($P31*Assumptions!$B$5/$D31,1) -> 90 | S31: =CEILING($P31*Assumptions!$B$6/$D31,1) -> 900 | T31: =IF(ISNUMBER($E31),IF(AND(ISNUMBER($I31),ISNUMBER($H31)),IF($H31<=$Q31,$I31,IF(AND(ISNUMBER($G31),ISNUMBER($F31)),IF($F31<=$Q31,$G31,$E31),$E31)),IF(AND(ISNUMBER($G31),ISNUMBER($F31)),IF($F31<=$Q31,$G31,$E31),$E31))*(1+IF($J31="Y",0,Assumptions!$B$3)),"") -> 1.606 | U31: =IF(ISNUMBER($E31),IF(AND(ISNUMBER($I31),ISNUMBER($H31)),IF($H31<=$R31,$I31,IF(AND(ISNUMBER($G31),ISNUMBER($F31)),IF($F31<=$R31,$G31,$E31),$E31)),IF(AND(ISNUMBER($G31),ISNUMBER($F31)),IF($F31<=$R31,$G31,$E31),$E31))*(1+IF($J31="Y",0,Assumptions!$B$3)),"") -> 1.0186 | V31: =IF(ISNUMBER($E31),IF(AND(ISNUMBER($I31),ISNUMBER($H31)),IF($H31<=$S31,$I31,IF(AND(ISNUMBER($G31),ISNUMBER($F31)),IF($F31<=$S31,$G31,$E31),$E31)),IF(AND(ISNUMBER($G31),ISNUMBER($F31)),IF($F31<=$S31,$G31,$E31),$E31))*(1+IF($J31="Y",0,Assumptions!$B$3)),"") -> 0.8767 | W31: =IF(ISNUMBER($T31),$Q31*$T31/Assumptions!$B$4,"") -> 14.454 | X31: =IF(ISNUMBER($U31),$R31*$U31/Assumptions!$B$5,"") -> 9.1674 | Y31: =IF(ISNUMBER($V31),$S31*$V31/Assumptions!$B$6,"") -> 7.8903 | Z31: =$A31&"|"&IF(ISNUMBER($W31),TEXT($W31,"0.0000"),"x")&"|"&$L31 -> H245|14.4540|Y | AA31: =$A31&"|"&IF(ISNUMBER($Y31),TEXT($Y31,"0.0000"),"x")&"|"&$L31 -> H245|7.8903|Y
A32: H283 | B32: Mouser Australia | C32: CD74HCT283E (595-CD74HCT283E) | D32: 1 | E32: 2.03 | F32: 10 | G32: 1.46 | H32: 100 | I32: 1.16 | J32: N | K32: 994 | L32: Y | M32: 2026-10-25 | N32: https://au.mouser.com/c/?q=74HCT283 | O32: Mouser page states no GST treatment; treated as ex GST. TI CD74HCT283E listed in 74HCT283 search; package not stated on search page but E suffix = PDIP-16. | P32: =IFERROR(VLOOKUP($A32,BOM!$A$2:$E$54,5,0),0) -> 2 | Q32: =CEILING($P32*Assumptions!$B$4/$D32,1) -> 2 | R32: =CEILING($P32*Assumptions!$B$5/$D32,1) -> 20 | S32: =CEILING($P32*Assumptions!$B$6/$D32,1) -> 200 | T32: =IF(ISNUMBER($E32),IF(AND(ISNUMBER($I32),ISNUMBER($H32)),IF($H32<=$Q32,$I32,IF(AND(ISNUMBER($G32),ISNUMBER($F32)),IF($F32<=$Q32,$G32,$E32),$E32)),IF(AND(ISNUMBER($G32),ISNUMBER($F32)),IF($F32<=$Q32,$G32,$E32),$E32))*(1+IF($J32="Y",0,Assumptions!$B$3)),"") -> 2.233 | U32: =IF(ISNUMBER($E32),IF(AND(ISNUMBER($I32),ISNUMBER($H32)),IF($H32<=$R32,$I32,IF(AND(ISNUMBER($G32),ISNUMBER($F32)),IF($F32<=$R32,$G32,$E32),$E32)),IF(AND(ISNUMBER($G32),ISNUMBER($F32)),IF($F32<=$R32,$G32,$E32),$E32))*(1+IF($J32="Y",0,Assumptions!$B$3)),"") -> 1.606 | V32: =IF(ISNUMBER($E32),IF(AND(ISNUMBER($I32),ISNUMBER($H32)),IF($H32<=$S32,$I32,IF(AND(ISNUMBER($G32),ISNUMBER($F32)),IF($F32<=$S32,$G32,$E32),$E32)),IF(AND(ISNUMBER($G32),ISNUMBER($F32)),IF($F32<=$S32,$G32,$E32),$E32))*(1+IF($J32="Y",0,Assumptions!$B$3)),"") -> 1.276 | W32: =IF(ISNUMBER($T32),$Q32*$T32/Assumptions!$B$4,"") -> 4.466 | X32: =IF(ISNUMBER($U32),$R32*$U32/Assumptions!$B$5,"") -> 3.212 | Y32: =IF(ISNUMBER($V32),$S32*$V32/Assumptions!$B$6,"") -> 2.552 | Z32: =$A32&"|"&IF(ISNUMBER($W32),TEXT($W32,"0.0000"),"x")&"|"&$L32 -> H283|4.4660|Y | AA32: =$A32&"|"&IF(ISNUMBER($Y32),TEXT($Y32,"0.0000"),"x")&"|"&$L32 -> H283|2.5520|Y
A33: H283 | B33: Mouser Australia | C33: CD74HC283E (595-CD74HC283E) | D33: 1 | E33: 2.04 | F33: 10 | G33: 1.49 | H33: 100 | I33: 1.19 | J33: N | K33: 305 (+1000 due 19/11/2026) | L33: Y | M33: 2026-10-25 | N33: https://au.mouser.com/ProductDetail/595-CD74HC283E | O33: HC family alternative (acceptable). Mouser page states no GST treatment; treated as ex GST. PDIP-16. | P33: =IFERROR(VLOOKUP($A33,BOM!$A$2:$E$54,5,0),0) -> 2 | Q33: =CEILING($P33*Assumptions!$B$4/$D33,1) -> 2 | R33: =CEILING($P33*Assumptions!$B$5/$D33,1) -> 20 | S33: =CEILING($P33*Assumptions!$B$6/$D33,1) -> 200 | T33: =IF(ISNUMBER($E33),IF(AND(ISNUMBER($I33),ISNUMBER($H33)),IF($H33<=$Q33,$I33,IF(AND(ISNUMBER($G33),ISNUMBER($F33)),IF($F33<=$Q33,$G33,$E33),$E33)),IF(AND(ISNUMBER($G33),ISNUMBER($F33)),IF($F33<=$Q33,$G33,$E33),$E33))*(1+IF($J33="Y",0,Assumptions!$B$3)),"") -> 2.244 | U33: =IF(ISNUMBER($E33),IF(AND(ISNUMBER($I33),ISNUMBER($H33)),IF($H33<=$R33,$I33,IF(AND(ISNUMBER($G33),ISNUMBER($F33)),IF($F33<=$R33,$G33,$E33),$E33)),IF(AND(ISNUMBER($G33),ISNUMBER($F33)),IF($F33<=$R33,$G33,$E33),$E33))*(1+IF($J33="Y",0,Assumptions!$B$3)),"") -> 1.639 | V33: =IF(ISNUMBER($E33),IF(AND(ISNUMBER($I33),ISNUMBER($H33)),IF($H33<=$S33,$I33,IF(AND(ISNUMBER($G33),ISNUMBER($F33)),IF($F33<=$S33,$G33,$E33),$E33)),IF(AND(ISNUMBER($G33),ISNUMBER($F33)),IF($F33<=$S33,$G33,$E33),$E33))*(1+IF($J33="Y",0,Assumptions!$B$3)),"") -> 1.309 | W33: =IF(ISNUMBER($T33),$Q33*$T33/Assumptions!$B$4,"") -> 4.488 | X33: =IF(ISNUMBER($U33),$R33*$U33/Assumptions!$B$5,"") -> 3.278 | Y33: =IF(ISNUMBER($V33),$S33*$V33/Assumptions!$B$6,"") -> 2.618 | Z33: =$A33&"|"&IF(ISNUMBER($W33),TEXT($W33,"0.0000"),"x")&"|"&$L33 -> H283|4.4880|Y | AA33: =$A33&"|"&IF(ISNUMBER($Y33),TEXT($Y33,"0.0000"),"x")&"|"&$L33 -> H283|2.6180|Y
A34: H283 | B34: element14 Australia | C34: CD74HC283E (order code 3121043) | D34: 1 | J34: N | K34: No Longer Stocked | L34: Y | M34: 2026-10-25 | N34: https://au.element14.com/w/search?st=CD74HC283E | O34: element14 lists CD74HC283E as No Longer Stocked, no price. CD74HCT283E and SN74HC283N: no match. Only Mouser found. | P34: =IFERROR(VLOOKUP($A34,BOM!$A$2:$E$54,5,0),0) -> 2 | Q34: =CEILING($P34*Assumptions!$B$4/$D34,1) -> 2 | R34: =CEILING($P34*Assumptions!$B$5/$D34,1) -> 20 | S34: =CEILING($P34*Assumptions!$B$6/$D34,1) -> 200 | T34: =IF(ISNUMBER($E34),IF(AND(ISNUMBER($I34),ISNUMBER($H34)),IF($H34<=$Q34,$I34,IF(AND(ISNUMBER($G34),ISNUMBER($F34)),IF($F34<=$Q34,$G34,$E34),$E34)),IF(AND(ISNUMBER($G34),ISNUMBER($F34)),IF($F34<=$Q34,$G34,$E34),$E34))*(1+IF($J34="Y",0,Assumptions!$B$3)),"") | U34: =IF(ISNUMBER($E34),IF(AND(ISNUMBER($I34),ISNUMBER($H34)),IF($H34<=$R34,$I34,IF(AND(ISNUMBER($G34),ISNUMBER($F34)),IF($F34<=$R34,$G34,$E34),$E34)),IF(AND(ISNUMBER($G34),ISNUMBER($F34)),IF($F34<=$R34,$G34,$E34),$E34))*(1+IF($J34="Y",0,Assumptions!$B$3)),"") | V34: =IF(ISNUMBER($E34),IF(AND(ISNUMBER($I34),ISNUMBER($H34)),IF($H34<=$S34,$I34,IF(AND(ISNUMBER($G34),ISNUMBER($F34)),IF($F34<=$S34,$G34,$E34),$E34)),IF(AND(ISNUMBER($G34),ISNUMBER($F34)),IF($F34<=$S34,$G34,$E34),$E34))*(1+IF($J34="Y",0,Assumptions!$B$3)),"") | W34: =IF(ISNUMBER($T34),$Q34*$T34/Assumptions!$B$4,"") | X34: =IF(ISNUMBER($U34),$R34*$U34/Assumptions!$B$5,"") | Y34: =IF(ISNUMBER($V34),$S34*$V34/Assumptions!$B$6,"") | Z34: =$A34&"|"&IF(ISNUMBER($W34),TEXT($W34,"0.0000"),"x")&"|"&$L34 -> H283|x|Y | AA34: =$A34&"|"&IF(ISNUMBER($Y34),TEXT($Y34,"0.0000"),"x")&"|"&$L34 -> H283|x|Y
A35: H377 | B35: Mouser Australia | C35: CD74HCT377E (595-CD74HCT377E) | D35: 1 | E35: 1.87 | F35: 10 | G35: 1.26 | H35: 100 | I35: 1.09 | J35: N | K35: 875 | L35: Y | M35: 2026-10-25 | N35: https://au.mouser.com/c/?q=74HCT377 | O35: Mouser page states no GST treatment; treated as ex GST. TI PDIP-20; Mouser break is 20 (1.18) and 100. Alt same page: SN74HCT377N 1070 stock 2.26/1.54/1.33. | P35: =IFERROR(VLOOKUP($A35,BOM!$A$2:$E$54,5,0),0) -> 1 | Q35: =CEILING($P35*Assumptions!$B$4/$D35,1) -> 1 | R35: =CEILING($P35*Assumptions!$B$5/$D35,1) -> 10 | S35: =CEILING($P35*Assumptions!$B$6/$D35,1) -> 100 | T35: =IF(ISNUMBER($E35),IF(AND(ISNUMBER($I35),ISNUMBER($H35)),IF($H35<=$Q35,$I35,IF(AND(ISNUMBER($G35),ISNUMBER($F35)),IF($F35<=$Q35,$G35,$E35),$E35)),IF(AND(ISNUMBER($G35),ISNUMBER($F35)),IF($F35<=$Q35,$G35,$E35),$E35))*(1+IF($J35="Y",0,Assumptions!$B$3)),"") -> 2.057 | U35: =IF(ISNUMBER($E35),IF(AND(ISNUMBER($I35),ISNUMBER($H35)),IF($H35<=$R35,$I35,IF(AND(ISNUMBER($G35),ISNUMBER($F35)),IF($F35<=$R35,$G35,$E35),$E35)),IF(AND(ISNUMBER($G35),ISNUMBER($F35)),IF($F35<=$R35,$G35,$E35),$E35))*(1+IF($J35="Y",0,Assumptions!$B$3)),"") -> 1.386 | V35: =IF(ISNUMBER($E35),IF(AND(ISNUMBER($I35),ISNUMBER($H35)),IF($H35<=$S35,$I35,IF(AND(ISNUMBER($G35),ISNUMBER($F35)),IF($F35<=$S35,$G35,$E35),$E35)),IF(AND(ISNUMBER($G35),ISNUMBER($F35)),IF($F35<=$S35,$G35,$E35),$E35))*(1+IF($J35="Y",0,Assumptions!$B$3)),"") -> 1.199 | W35: =IF(ISNUMBER($T35),$Q35*$T35/Assumptions!$B$4,"") -> 2.057 | X35: =IF(ISNUMBER($U35),$R35*$U35/Assumptions!$B$5,"") -> 1.386 | Y35: =IF(ISNUMBER($V35),$S35*$V35/Assumptions!$B$6,"") -> 1.199 | Z35: =$A35&"|"&IF(ISNUMBER($W35),TEXT($W35,"0.0000"),"x")&"|"&$L35 -> H377|2.0570|Y | AA35: =$A35&"|"&IF(ISNUMBER($Y35),TEXT($Y35,"0.0000"),"x")&"|"&$L35 -> H377|1.1990|Y
A36: H377 | B36: element14 Australia | C36: CD74HCT377E | D36: 1 | J36: N | L36: Y | M36: 2026-10-25 | N36: https://au.element14.com/w/search?st=CD74HCT377E | O36: No exact match on au.element14.com search (similar parts only); no DIP HCT version listed. SN74HCT377N also no match. Only one supplier found. | P36: =IFERROR(VLOOKUP($A36,BOM!$A$2:$E$54,5,0),0) -> 1 | Q36: =CEILING($P36*Assumptions!$B$4/$D36,1) -> 1 | R36: =CEILING($P36*Assumptions!$B$5/$D36,1) -> 10 | S36: =CEILING($P36*Assumptions!$B$6/$D36,1) -> 100 | T36: =IF(ISNUMBER($E36),IF(AND(ISNUMBER($I36),ISNUMBER($H36)),IF($H36<=$Q36,$I36,IF(AND(ISNUMBER($G36),ISNUMBER($F36)),IF($F36<=$Q36,$G36,$E36),$E36)),IF(AND(ISNUMBER($G36),ISNUMBER($F36)),IF($F36<=$Q36,$G36,$E36),$E36))*(1+IF($J36="Y",0,Assumptions!$B$3)),"") | U36: =IF(ISNUMBER($E36),IF(AND(ISNUMBER($I36),ISNUMBER($H36)),IF($H36<=$R36,$I36,IF(AND(ISNUMBER($G36),ISNUMBER($F36)),IF($F36<=$R36,$G36,$E36),$E36)),IF(AND(ISNUMBER($G36),ISNUMBER($F36)),IF($F36<=$R36,$G36,$E36),$E36))*(1+IF($J36="Y",0,Assumptions!$B$3)),"") | V36: =IF(ISNUMBER($E36),IF(AND(ISNUMBER($I36),ISNUMBER($H36)),IF($H36<=$S36,$I36,IF(AND(ISNUMBER($G36),ISNUMBER($F36)),IF($F36<=$S36,$G36,$E36),$E36)),IF(AND(ISNUMBER($G36),ISNUMBER($F36)),IF($F36<=$S36,$G36,$E36),$E36))*(1+IF($J36="Y",0,Assumptions!$B$3)),"") | W36: =IF(ISNUMBER($T36),$Q36*$T36/Assumptions!$B$4,"") | X36: =IF(ISNUMBER($U36),$R36*$U36/Assumptions!$B$5,"") | Y36: =IF(ISNUMBER($V36),$S36*$V36/Assumptions!$B$6,"") | Z36: =$A36&"|"&IF(ISNUMBER($W36),TEXT($W36,"0.0000"),"x")&"|"&$L36 -> H377|x|Y | AA36: =$A36&"|"&IF(ISNUMBER($Y36),TEXT($Y36,"0.0000"),"x")&"|"&$L36 -> H377|x|Y
A37: IC16 | B37: Core Electronics | C37: CE09912 (TI 555, 8-pin DIP; datasheet linked is NE555) | D37: 1 | E37: 0.75 | J37: Y | K37: 100 from local stock plus supplier stock | L37: Y | M37: 2026-10-24 | N37: https://core-electronics.com.au/555-timer-general-purpose-timer-ic.html | O37: Core prices GST inclusive (site FAQ). No qty breaks shown. Page does not print the exact MPN; TI part with NE555 datasheet. | P37: =IFERROR(VLOOKUP($A37,BOM!$A$2:$E$54,5,0),0) -> 4 | Q37: =CEILING($P37*Assumptions!$B$4/$D37,1) -> 4 | R37: =CEILING($P37*Assumptions!$B$5/$D37,1) -> 40 | S37: =CEILING($P37*Assumptions!$B$6/$D37,1) -> 400 | T37: =IF(ISNUMBER($E37),IF(AND(ISNUMBER($I37),ISNUMBER($H37)),IF($H37<=$Q37,$I37,IF(AND(ISNUMBER($G37),ISNUMBER($F37)),IF($F37<=$Q37,$G37,$E37),$E37)),IF(AND(ISNUMBER($G37),ISNUMBER($F37)),IF($F37<=$Q37,$G37,$E37),$E37))*(1+IF($J37="Y",0,Assumptions!$B$3)),"") -> 0.75 | U37: =IF(ISNUMBER($E37),IF(AND(ISNUMBER($I37),ISNUMBER($H37)),IF($H37<=$R37,$I37,IF(AND(ISNUMBER($G37),ISNUMBER($F37)),IF($F37<=$R37,$G37,$E37),$E37)),IF(AND(ISNUMBER($G37),ISNUMBER($F37)),IF($F37<=$R37,$G37,$E37),$E37))*(1+IF($J37="Y",0,Assumptions!$B$3)),"") -> 0.75 | V37: =IF(ISNUMBER($E37),IF(AND(ISNUMBER($I37),ISNUMBER($H37)),IF($H37<=$S37,$I37,IF(AND(ISNUMBER($G37),ISNUMBER($F37)),IF($F37<=$S37,$G37,$E37),$E37)),IF(AND(ISNUMBER($G37),ISNUMBER($F37)),IF($F37<=$S37,$G37,$E37),$E37))*(1+IF($J37="Y",0,Assumptions!$B$3)),"") -> 0.75 | W37: =IF(ISNUMBER($T37),$Q37*$T37/Assumptions!$B$4,"") -> 3 | X37: =IF(ISNUMBER($U37),$R37*$U37/Assumptions!$B$5,"") -> 3 | Y37: =IF(ISNUMBER($V37),$S37*$V37/Assumptions!$B$6,"") -> 3 | Z37: =$A37&"|"&IF(ISNUMBER($W37),TEXT($W37,"0.0000"),"x")&"|"&$L37 -> IC16|3.0000|Y | AA37: =$A37&"|"&IF(ISNUMBER($Y37),TEXT($Y37,"0.0000"),"x")&"|"&$L37 -> IC16|3.0000|Y
A38: IC16 | B38: Mouser Australia | C38: NE555P (TI, PDIP-8) | D38: 1 | E38: 0.856 | F38: 10 | G38: 0.596 | H38: 100 | I38: 0.461 | J38: N | K38: 62,467 in stock; 5,000 on order (exp 1/02/2027) | L38: Y | M38: 2026-10-24 | N38: https://au.mouser.com/en/ProductDetail/Texas-Instruments/NE555P?qs=rkhjVJ6%2F3EIf4CWgjIKuKQ%3D%3D | O38: Mouser AU price in AUD; page states no GST treatment (only 'prices include duty and customs fees', DDP). Treated as ex-GST (GST added at checkout) - confirm at checkout. | P38: =IFERROR(VLOOKUP($A38,BOM!$A$2:$E$54,5,0),0) -> 4 | Q38: =CEILING($P38*Assumptions!$B$4/$D38,1) -> 4 | R38: =CEILING($P38*Assumptions!$B$5/$D38,1) -> 40 | S38: =CEILING($P38*Assumptions!$B$6/$D38,1) -> 400 | T38: =IF(ISNUMBER($E38),IF(AND(ISNUMBER($I38),ISNUMBER($H38)),IF($H38<=$Q38,$I38,IF(AND(ISNUMBER($G38),ISNUMBER($F38)),IF($F38<=$Q38,$G38,$E38),$E38)),IF(AND(ISNUMBER($G38),ISNUMBER($F38)),IF($F38<=$Q38,$G38,$E38),$E38))*(1+IF($J38="Y",0,Assumptions!$B$3)),"") -> 0.9416 | U38: =IF(ISNUMBER($E38),IF(AND(ISNUMBER($I38),ISNUMBER($H38)),IF($H38<=$R38,$I38,IF(AND(ISNUMBER($G38),ISNUMBER($F38)),IF($F38<=$R38,$G38,$E38),$E38)),IF(AND(ISNUMBER($G38),ISNUMBER($F38)),IF($F38<=$R38,$G38,$E38),$E38))*(1+IF($J38="Y",0,Assumptions!$B$3)),"") -> 0.6556 | V38: =IF(ISNUMBER($E38),IF(AND(ISNUMBER($I38),ISNUMBER($H38)),IF($H38<=$S38,$I38,IF(AND(ISNUMBER($G38),ISNUMBER($F38)),IF($F38<=$S38,$G38,$E38),$E38)),IF(AND(ISNUMBER($G38),ISNUMBER($F38)),IF($F38<=$S38,$G38,$E38),$E38))*(1+IF($J38="Y",0,Assumptions!$B$3)),"") -> 0.5071 | W38: =IF(ISNUMBER($T38),$Q38*$T38/Assumptions!$B$4,"") -> 3.7664 | X38: =IF(ISNUMBER($U38),$R38*$U38/Assumptions!$B$5,"") -> 2.6224 | Y38: =IF(ISNUMBER($V38),$S38*$V38/Assumptions!$B$6,"") -> 2.0284 | Z38: =$A38&"|"&IF(ISNUMBER($W38),TEXT($W38,"0.0000"),"x")&"|"&$L38 -> IC16|3.7664|Y | AA38: =$A38&"|"&IF(ISNUMBER($Y38),TEXT($Y38,"0.0000"),"x")&"|"&$L38 -> IC16|2.0284|Y
A39: IC17 | B39: Mouser Australia | C39: AS6C62256-55PCN (Alliance Memory) | D39: 1 | E39: 16.37 | F39: 10 | G39: 15.21 | H39: 105 | I39: 13.72 | J39: N | K39: 1,374 (20 wk factory lead beyond stock) | L39: Y | M39: 2026-10-24 | N39: https://au.mouser.com/ProductDetail/913-AS6C62256-55PCN | O39: PDIP-28. GST is not mentioned on the page, so ex-GST is assumed. The alternative AS6C62256A-70PCN is listed by Mouser as obsolete and not sold in the AU region. | P39: =IFERROR(VLOOKUP($A39,BOM!$A$2:$E$54,5,0),0) -> 1 | Q39: =CEILING($P39*Assumptions!$B$4/$D39,1) -> 1 | R39: =CEILING($P39*Assumptions!$B$5/$D39,1) -> 10 | S39: =CEILING($P39*Assumptions!$B$6/$D39,1) -> 100 | T39: =IF(ISNUMBER($E39),IF(AND(ISNUMBER($I39),ISNUMBER($H39)),IF($H39<=$Q39,$I39,IF(AND(ISNUMBER($G39),ISNUMBER($F39)),IF($F39<=$Q39,$G39,$E39),$E39)),IF(AND(ISNUMBER($G39),ISNUMBER($F39)),IF($F39<=$Q39,$G39,$E39),$E39))*(1+IF($J39="Y",0,Assumptions!$B$3)),"") -> 18.007 | U39: =IF(ISNUMBER($E39),IF(AND(ISNUMBER($I39),ISNUMBER($H39)),IF($H39<=$R39,$I39,IF(AND(ISNUMBER($G39),ISNUMBER($F39)),IF($F39<=$R39,$G39,$E39),$E39)),IF(AND(ISNUMBER($G39),ISNUMBER($F39)),IF($F39<=$R39,$G39,$E39),$E39))*(1+IF($J39="Y",0,Assumptions!$B$3)),"") -> 16.731 | V39: =IF(ISNUMBER($E39),IF(AND(ISNUMBER($I39),ISNUMBER($H39)),IF($H39<=$S39,$I39,IF(AND(ISNUMBER($G39),ISNUMBER($F39)),IF($F39<=$S39,$G39,$E39),$E39)),IF(AND(ISNUMBER($G39),ISNUMBER($F39)),IF($F39<=$S39,$G39,$E39),$E39))*(1+IF($J39="Y",0,Assumptions!$B$3)),"") -> 16.731 | W39: =IF(ISNUMBER($T39),$Q39*$T39/Assumptions!$B$4,"") -> 18.007 | X39: =IF(ISNUMBER($U39),$R39*$U39/Assumptions!$B$5,"") -> 16.731 | Y39: =IF(ISNUMBER($V39),$S39*$V39/Assumptions!$B$6,"") -> 16.731 | Z39: =$A39&"|"&IF(ISNUMBER($W39),TEXT($W39,"0.0000"),"x")&"|"&$L39 -> IC17|18.0070|Y | AA39: =$A39&"|"&IF(ISNUMBER($Y39),TEXT($Y39,"0.0000"),"x")&"|"&$L39 -> IC17|16.7310|Y
A40: IC17 | B40: element14 Australia | C40: AS6C62256-55PCN (Alliance Memory) | D40: 1 | E40: 18.51 | J40: N | K40: 262 (UK stock, 3-5 business days); mfr lead 23 wk | L40: Y | M40: 2026-10-24 | N40: https://au.element14.com/alliance-memory-inc/as6c62256-55pcn/sram-256kbit-0-to-70deg-c-dip/dp/4260906 | O40: PDIP-28 (600 mil). Price is 18.51 ex GST, 20.36 inc GST. The page shows only a 1+ price break. | P40: =IFERROR(VLOOKUP($A40,BOM!$A$2:$E$54,5,0),0) -> 1 | Q40: =CEILING($P40*Assumptions!$B$4/$D40,1) -> 1 | R40: =CEILING($P40*Assumptions!$B$5/$D40,1) -> 10 | S40: =CEILING($P40*Assumptions!$B$6/$D40,1) -> 100 | T40: =IF(ISNUMBER($E40),IF(AND(ISNUMBER($I40),ISNUMBER($H40)),IF($H40<=$Q40,$I40,IF(AND(ISNUMBER($G40),ISNUMBER($F40)),IF($F40<=$Q40,$G40,$E40),$E40)),IF(AND(ISNUMBER($G40),ISNUMBER($F40)),IF($F40<=$Q40,$G40,$E40),$E40))*(1+IF($J40="Y",0,Assumptions!$B$3)),"") -> 20.361 | U40: =IF(ISNUMBER($E40),IF(AND(ISNUMBER($I40),ISNUMBER($H40)),IF($H40<=$R40,$I40,IF(AND(ISNUMBER($G40),ISNUMBER($F40)),IF($F40<=$R40,$G40,$E40),$E40)),IF(AND(ISNUMBER($G40),ISNUMBER($F40)),IF($F40<=$R40,$G40,$E40),$E40))*(1+IF($J40="Y",0,Assumptions!$B$3)),"") -> 20.361 | V40: =IF(ISNUMBER($E40),IF(AND(ISNUMBER($I40),ISNUMBER($H40)),IF($H40<=$S40,$I40,IF(AND(ISNUMBER($G40),ISNUMBER($F40)),IF($F40<=$S40,$G40,$E40),$E40)),IF(AND(ISNUMBER($G40),ISNUMBER($F40)),IF($F40<=$S40,$G40,$E40),$E40))*(1+IF($J40="Y",0,Assumptions!$B$3)),"") -> 20.361 | W40: =IF(ISNUMBER($T40),$Q40*$T40/Assumptions!$B$4,"") -> 20.361 | X40: =IF(ISNUMBER($U40),$R40*$U40/Assumptions!$B$5,"") -> 20.361 | Y40: =IF(ISNUMBER($V40),$S40*$V40/Assumptions!$B$6,"") -> 20.361 | Z40: =$A40&"|"&IF(ISNUMBER($W40),TEXT($W40,"0.0000"),"x")&"|"&$L40 -> IC17|20.3610|Y | AA40: =$A40&"|"&IF(ISNUMBER($Y40),TEXT($Y40,"0.0000"),"x")&"|"&$L40 -> IC17|20.3610|Y
A41: IC18 | B41: Mouser Australia | C41: AT28C256-15PU (Microchip) | D41: 1 | E41: 17.95 | F41: 28 | G41: 17.28 | H41: 112 | I41: 16.6 | J41: N | K41: 250 in stock; 952 on order due 30/10/2026; 8 wk factory lead | L41: Y | M41: 2026-10-24 | N41: https://au.mouser.com/ProductDetail/556-AT28C25615PU | O41: PDIP-28. In stock, so no alternative EEPROM is needed. Breaks are at 28 and 112. GST is not mentioned on the page, so ex-GST is assumed. | P41: =IFERROR(VLOOKUP($A41,BOM!$A$2:$E$54,5,0),0) -> 4 | Q41: =CEILING($P41*Assumptions!$B$4/$D41,1) -> 4 | R41: =CEILING($P41*Assumptions!$B$5/$D41,1) -> 40 | S41: =CEILING($P41*Assumptions!$B$6/$D41,1) -> 400 | T41: =IF(ISNUMBER($E41),IF(AND(ISNUMBER($I41),ISNUMBER($H41)),IF($H41<=$Q41,$I41,IF(AND(ISNUMBER($G41),ISNUMBER($F41)),IF($F41<=$Q41,$G41,$E41),$E41)),IF(AND(ISNUMBER($G41),ISNUMBER($F41)),IF($F41<=$Q41,$G41,$E41),$E41))*(1+IF($J41="Y",0,Assumptions!$B$3)),"") -> 19.745 | U41: =IF(ISNUMBER($E41),IF(AND(ISNUMBER($I41),ISNUMBER($H41)),IF($H41<=$R41,$I41,IF(AND(ISNUMBER($G41),ISNUMBER($F41)),IF($F41<=$R41,$G41,$E41),$E41)),IF(AND(ISNUMBER($G41),ISNUMBER($F41)),IF($F41<=$R41,$G41,$E41),$E41))*(1+IF($J41="Y",0,Assumptions!$B$3)),"") -> 19.008 | V41: =IF(ISNUMBER($E41),IF(AND(ISNUMBER($I41),ISNUMBER($H41)),IF($H41<=$S41,$I41,IF(AND(ISNUMBER($G41),ISNUMBER($F41)),IF($F41<=$S41,$G41,$E41),$E41)),IF(AND(ISNUMBER($G41),ISNUMBER($F41)),IF($F41<=$S41,$G41,$E41),$E41))*(1+IF($J41="Y",0,Assumptions!$B$3)),"") -> 18.26 | W41: =IF(ISNUMBER($T41),$Q41*$T41/Assumptions!$B$4,"") -> 78.98 | X41: =IF(ISNUMBER($U41),$R41*$U41/Assumptions!$B$5,"") -> 76.032 | Y41: =IF(ISNUMBER($V41),$S41*$V41/Assumptions!$B$6,"") -> 73.04 | Z41: =$A41&"|"&IF(ISNUMBER($W41),TEXT($W41,"0.0000"),"x")&"|"&$L41 -> IC18|78.9800|Y | AA41: =$A41&"|"&IF(ISNUMBER($Y41),TEXT($Y41,"0.0000"),"x")&"|"&$L41 -> IC18|73.0400|Y
A42: IC18 | B42: element14 Australia | C42: AT28C256-15PU (Microchip) | D42: 1 | E42: 18.31 | F42: 25 | G42: 17.95 | J42: N | K42: 1,183 (UK stock, 3-5 business days); mfr lead 29 wk | L42: Y | M42: 2026-10-24 | N42: https://au.element14.com/microchip/at28c256-15pu/parallel-eeprom-256kbit-dip-28/dp/1095782 | O42: PDIP-28. In stock. Price is 18.31 ex GST, 20.14 inc GST. The page shows only 1+ and 25+ breaks, so the 25+ break is recorded in the qty-10 field. A second order code, 2748829 (ATMEL brand), shows 62 units of US stock with breaks at 1+ 18.31, 10+ 17.95 and 100+ 16.85 ex GST. | P42: =IFERROR(VLOOKUP($A42,BOM!$A$2:$E$54,5,0),0) -> 4 | Q42: =CEILING($P42*Assumptions!$B$4/$D42,1) -> 4 | R42: =CEILING($P42*Assumptions!$B$5/$D42,1) -> 40 | S42: =CEILING($P42*Assumptions!$B$6/$D42,1) -> 400 | T42: =IF(ISNUMBER($E42),IF(AND(ISNUMBER($I42),ISNUMBER($H42)),IF($H42<=$Q42,$I42,IF(AND(ISNUMBER($G42),ISNUMBER($F42)),IF($F42<=$Q42,$G42,$E42),$E42)),IF(AND(ISNUMBER($G42),ISNUMBER($F42)),IF($F42<=$Q42,$G42,$E42),$E42))*(1+IF($J42="Y",0,Assumptions!$B$3)),"") -> 20.141 | U42: =IF(ISNUMBER($E42),IF(AND(ISNUMBER($I42),ISNUMBER($H42)),IF($H42<=$R42,$I42,IF(AND(ISNUMBER($G42),ISNUMBER($F42)),IF($F42<=$R42,$G42,$E42),$E42)),IF(AND(ISNUMBER($G42),ISNUMBER($F42)),IF($F42<=$R42,$G42,$E42),$E42))*(1+IF($J42="Y",0,Assumptions!$B$3)),"") -> 19.745 | V42: =IF(ISNUMBER($E42),IF(AND(ISNUMBER($I42),ISNUMBER($H42)),IF($H42<=$S42,$I42,IF(AND(ISNUMBER($G42),ISNUMBER($F42)),IF($F42<=$S42,$G42,$E42),$E42)),IF(AND(ISNUMBER($G42),ISNUMBER($F42)),IF($F42<=$S42,$G42,$E42),$E42))*(1+IF($J42="Y",0,Assumptions!$B$3)),"") -> 19.745 | W42: =IF(ISNUMBER($T42),$Q42*$T42/Assumptions!$B$4,"") -> 80.564 | X42: =IF(ISNUMBER($U42),$R42*$U42/Assumptions!$B$5,"") -> 78.98 | Y42: =IF(ISNUMBER($V42),$S42*$V42/Assumptions!$B$6,"") -> 78.98 | Z42: =$A42&"|"&IF(ISNUMBER($W42),TEXT($W42,"0.0000"),"x")&"|"&$L42 -> IC18|80.5640|Y | AA42: =$A42&"|"&IF(ISNUMBER($Y42),TEXT($Y42,"0.0000"),"x")&"|"&$L42 -> IC18|78.9800|Y
A43: Q01 | B43: Mouser Australia | C43: 2N3906BU (512-2N3906BU) | D43: 1 | E43: 0.377 | F43: 10 | G43: 0.238 | H43: 100 | I43: 0.148 | J43: N | K43: 58538 | L43: Y | M43: 2026-10-25 | N43: https://au.mouser.com/c/?q=2N3906 | O43: Mouser page states no GST treatment; treated as ex GST. onsemi TO-92 bulk. | P43: =IFERROR(VLOOKUP($A43,BOM!$A$2:$E$54,5,0),0) -> 4 | Q43: =CEILING($P43*Assumptions!$B$4/$D43,1) -> 4 | R43: =CEILING($P43*Assumptions!$B$5/$D43,1) -> 40 | S43: =CEILING($P43*Assumptions!$B$6/$D43,1) -> 400 | T43: =IF(ISNUMBER($E43),IF(AND(ISNUMBER($I43),ISNUMBER($H43)),IF($H43<=$Q43,$I43,IF(AND(ISNUMBER($G43),ISNUMBER($F43)),IF($F43<=$Q43,$G43,$E43),$E43)),IF(AND(ISNUMBER($G43),ISNUMBER($F43)),IF($F43<=$Q43,$G43,$E43),$E43))*(1+IF($J43="Y",0,Assumptions!$B$3)),"") -> 0.4147 | U43: =IF(ISNUMBER($E43),IF(AND(ISNUMBER($I43),ISNUMBER($H43)),IF($H43<=$R43,$I43,IF(AND(ISNUMBER($G43),ISNUMBER($F43)),IF($F43<=$R43,$G43,$E43),$E43)),IF(AND(ISNUMBER($G43),ISNUMBER($F43)),IF($F43<=$R43,$G43,$E43),$E43))*(1+IF($J43="Y",0,Assumptions!$B$3)),"") -> 0.2618 | V43: =IF(ISNUMBER($E43),IF(AND(ISNUMBER($I43),ISNUMBER($H43)),IF($H43<=$S43,$I43,IF(AND(ISNUMBER($G43),ISNUMBER($F43)),IF($F43<=$S43,$G43,$E43),$E43)),IF(AND(ISNUMBER($G43),ISNUMBER($F43)),IF($F43<=$S43,$G43,$E43),$E43))*(1+IF($J43="Y",0,Assumptions!$B$3)),"") -> 0.1628 | W43: =IF(ISNUMBER($T43),$Q43*$T43/Assumptions!$B$4,"") -> 1.6588 | X43: =IF(ISNUMBER($U43),$R43*$U43/Assumptions!$B$5,"") -> 1.0472 | Y43: =IF(ISNUMBER($V43),$S43*$V43/Assumptions!$B$6,"") -> 0.6512 | Z43: =$A43&"|"&IF(ISNUMBER($W43),TEXT($W43,"0.0000"),"x")&"|"&$L43 -> Q01|1.6588|Y | AA43: =$A43&"|"&IF(ISNUMBER($Y43),TEXT($Y43,"0.0000"),"x")&"|"&$L43 -> Q01|0.6512|Y
A44: Q01 | B44: element14 Australia | C44: 2N3906BU (order code 2453313) | D44: 1 | E44: 0.386 | F44: 10 | G44: 0.243 | H44: 100 | I44: 0.151 | J44: N | K44: 33373 (+20000 incoming) | L44: Y | M44: 2026-10-25 | N44: https://au.element14.com/w/search?st=2N3906BU | O44: element14 shows ex GST with incl-GST in brackets; ex-GST figures recorded. Min order 5, multiple 5; q1 field is the 5+ price. | P44: =IFERROR(VLOOKUP($A44,BOM!$A$2:$E$54,5,0),0) -> 4 | Q44: =CEILING($P44*Assumptions!$B$4/$D44,1) -> 4 | R44: =CEILING($P44*Assumptions!$B$5/$D44,1) -> 40 | S44: =CEILING($P44*Assumptions!$B$6/$D44,1) -> 400 | T44: =IF(ISNUMBER($E44),IF(AND(ISNUMBER($I44),ISNUMBER($H44)),IF($H44<=$Q44,$I44,IF(AND(ISNUMBER($G44),ISNUMBER($F44)),IF($F44<=$Q44,$G44,$E44),$E44)),IF(AND(ISNUMBER($G44),ISNUMBER($F44)),IF($F44<=$Q44,$G44,$E44),$E44))*(1+IF($J44="Y",0,Assumptions!$B$3)),"") -> 0.4246 | U44: =IF(ISNUMBER($E44),IF(AND(ISNUMBER($I44),ISNUMBER($H44)),IF($H44<=$R44,$I44,IF(AND(ISNUMBER($G44),ISNUMBER($F44)),IF($F44<=$R44,$G44,$E44),$E44)),IF(AND(ISNUMBER($G44),ISNUMBER($F44)),IF($F44<=$R44,$G44,$E44),$E44))*(1+IF($J44="Y",0,Assumptions!$B$3)),"") -> 0.2673 | V44: =IF(ISNUMBER($E44),IF(AND(ISNUMBER($I44),ISNUMBER($H44)),IF($H44<=$S44,$I44,IF(AND(ISNUMBER($G44),ISNUMBER($F44)),IF($F44<=$S44,$G44,$E44),$E44)),IF(AND(ISNUMBER($G44),ISNUMBER($F44)),IF($F44<=$S44,$G44,$E44),$E44))*(1+IF($J44="Y",0,Assumptions!$B$3)),"") -> 0.1661 | W44: =IF(ISNUMBER($T44),$Q44*$T44/Assumptions!$B$4,"") -> 1.6984 | X44: =IF(ISNUMBER($U44),$R44*$U44/Assumptions!$B$5,"") -> 1.0692 | Y44: =IF(ISNUMBER($V44),$S44*$V44/Assumptions!$B$6,"") -> 0.6644 | Z44: =$A44&"|"&IF(ISNUMBER($W44),TEXT($W44,"0.0000"),"x")&"|"&$L44 -> Q01|1.6984|Y | AA44: =$A44&"|"&IF(ISNUMBER($Y44),TEXT($Y44,"0.0000"),"x")&"|"&$L44 -> Q01|0.6644|Y
A45: DS2 | B45: Mouser Australia | C45: SA56-11EWA (604-SA5611EWA) | D45: 1 | E45: 3.52 | F45: 10 | G45: 2.33 | H45: 120 | I45: 1.91 | J45: N | K45: 1586 (+3240 on order) | L45: Y | M45: 2026-10-25 | N45: https://au.mouser.com/c/?q=SA56-11EWA | O45: Mouser page states no GST treatment; treated as ex GST. Kingbright 0.56 in single digit, COMMON ANODE, red. Page showed a stock-panel error. | P45: =IFERROR(VLOOKUP($A45,BOM!$A$2:$E$54,5,0),0) -> 4 | Q45: =CEILING($P45*Assumptions!$B$4/$D45,1) -> 4 | R45: =CEILING($P45*Assumptions!$B$5/$D45,1) -> 40 | S45: =CEILING($P45*Assumptions!$B$6/$D45,1) -> 400 | T45: =IF(ISNUMBER($E45),IF(AND(ISNUMBER($I45),ISNUMBER($H45)),IF($H45<=$Q45,$I45,IF(AND(ISNUMBER($G45),ISNUMBER($F45)),IF($F45<=$Q45,$G45,$E45),$E45)),IF(AND(ISNUMBER($G45),ISNUMBER($F45)),IF($F45<=$Q45,$G45,$E45),$E45))*(1+IF($J45="Y",0,Assumptions!$B$3)),"") -> 3.872 | U45: =IF(ISNUMBER($E45),IF(AND(ISNUMBER($I45),ISNUMBER($H45)),IF($H45<=$R45,$I45,IF(AND(ISNUMBER($G45),ISNUMBER($F45)),IF($F45<=$R45,$G45,$E45),$E45)),IF(AND(ISNUMBER($G45),ISNUMBER($F45)),IF($F45<=$R45,$G45,$E45),$E45))*(1+IF($J45="Y",0,Assumptions!$B$3)),"") -> 2.563 | V45: =IF(ISNUMBER($E45),IF(AND(ISNUMBER($I45),ISNUMBER($H45)),IF($H45<=$S45,$I45,IF(AND(ISNUMBER($G45),ISNUMBER($F45)),IF($F45<=$S45,$G45,$E45),$E45)),IF(AND(ISNUMBER($G45),ISNUMBER($F45)),IF($F45<=$S45,$G45,$E45),$E45))*(1+IF($J45="Y",0,Assumptions!$B$3)),"") -> 2.101 | W45: =IF(ISNUMBER($T45),$Q45*$T45/Assumptions!$B$4,"") -> 15.488 | X45: =IF(ISNUMBER($U45),$R45*$U45/Assumptions!$B$5,"") -> 10.252 | Y45: =IF(ISNUMBER($V45),$S45*$V45/Assumptions!$B$6,"") -> 8.404 | Z45: =$A45&"|"&IF(ISNUMBER($W45),TEXT($W45,"0.0000"),"x")&"|"&$L45 -> DS2|15.4880|Y | AA45: =$A45&"|"&IF(ISNUMBER($Y45),TEXT($Y45,"0.0000"),"x")&"|"&$L45 -> DS2|8.4040|Y
A46: DS2 | B46: element14 Australia | C46: SA56-11EWA (order code 1142440) | D46: 1 | E46: 3.31 | F46: 10 | G46: 2.35 | H46: 100 | I46: 1.81 | J46: N | K46: not shown per item | L46: Y | M46: 2026-10-25 | N46: https://au.element14.com/w/search?st=SA56-11EWA | O46: element14 shows ex GST with incl-GST in brackets; ex-GST figures recorded. Common anode, 14.22 mm (0.56 in), 1 digit. Min 5; q1 field is 5+ price. Core Electronics alt: SparkFun COM-08546 CA red $3.25 inc GST, stock unclear, page says 0.6 in digit height. | P46: =IFERROR(VLOOKUP($A46,BOM!$A$2:$E$54,5,0),0) -> 4 | Q46: =CEILING($P46*Assumptions!$B$4/$D46,1) -> 4 | R46: =CEILING($P46*Assumptions!$B$5/$D46,1) -> 40 | S46: =CEILING($P46*Assumptions!$B$6/$D46,1) -> 400 | T46: =IF(ISNUMBER($E46),IF(AND(ISNUMBER($I46),ISNUMBER($H46)),IF($H46<=$Q46,$I46,IF(AND(ISNUMBER($G46),ISNUMBER($F46)),IF($F46<=$Q46,$G46,$E46),$E46)),IF(AND(ISNUMBER($G46),ISNUMBER($F46)),IF($F46<=$Q46,$G46,$E46),$E46))*(1+IF($J46="Y",0,Assumptions!$B$3)),"") -> 3.641 | U46: =IF(ISNUMBER($E46),IF(AND(ISNUMBER($I46),ISNUMBER($H46)),IF($H46<=$R46,$I46,IF(AND(ISNUMBER($G46),ISNUMBER($F46)),IF($F46<=$R46,$G46,$E46),$E46)),IF(AND(ISNUMBER($G46),ISNUMBER($F46)),IF($F46<=$R46,$G46,$E46),$E46))*(1+IF($J46="Y",0,Assumptions!$B$3)),"") -> 2.585 | V46: =IF(ISNUMBER($E46),IF(AND(ISNUMBER($I46),ISNUMBER($H46)),IF($H46<=$S46,$I46,IF(AND(ISNUMBER($G46),ISNUMBER($F46)),IF($F46<=$S46,$G46,$E46),$E46)),IF(AND(ISNUMBER($G46),ISNUMBER($F46)),IF($F46<=$S46,$G46,$E46),$E46))*(1+IF($J46="Y",0,Assumptions!$B$3)),"") -> 1.991 | W46: =IF(ISNUMBER($T46),$Q46*$T46/Assumptions!$B$4,"") -> 14.564 | X46: =IF(ISNUMBER($U46),$R46*$U46/Assumptions!$B$5,"") -> 10.34 | Y46: =IF(ISNUMBER($V46),$S46*$V46/Assumptions!$B$6,"") -> 7.964 | Z46: =$A46&"|"&IF(ISNUMBER($W46),TEXT($W46,"0.0000"),"x")&"|"&$L46 -> DS2|14.5640|Y | AA46: =$A46&"|"&IF(ISNUMBER($Y46),TEXT($Y46,"0.0000"),"x")&"|"&$L46 -> DS2|7.9640|Y
A47: LED1 | B47: Core Electronics | C47: COM-00533 | D47: 1 | E47: 0.85 | F47: 5 | G47: 0.82 | H47: 100 | I47: 0.77 | J47: N | K47: lead time, dispatch Oct 28-Nov 03 | L47: Y | M47: 2026-10-24 | N47: https://core-electronics.com.au/led-basic-red-3mm.html | O47: SparkFun basic red 3 mm, single. Breaks: 5+ 0.82, 25+ 0.80, 100+ 0.77. 25-pack ADA777 is $9.05 ex GST but out of stock. Core Electronics: q1 and breaks recorded ex GST (page shows q1 inc GST as well). | P47: =IFERROR(VLOOKUP($A47,BOM!$A$2:$E$54,5,0),0) -> 50 | Q47: =CEILING($P47*Assumptions!$B$4/$D47,1) -> 50 | R47: =CEILING($P47*Assumptions!$B$5/$D47,1) -> 500 | S47: =CEILING($P47*Assumptions!$B$6/$D47,1) -> 5000 | T47: =IF(ISNUMBER($E47),IF(AND(ISNUMBER($I47),ISNUMBER($H47)),IF($H47<=$Q47,$I47,IF(AND(ISNUMBER($G47),ISNUMBER($F47)),IF($F47<=$Q47,$G47,$E47),$E47)),IF(AND(ISNUMBER($G47),ISNUMBER($F47)),IF($F47<=$Q47,$G47,$E47),$E47))*(1+IF($J47="Y",0,Assumptions!$B$3)),"") -> 0.902 | U47: =IF(ISNUMBER($E47),IF(AND(ISNUMBER($I47),ISNUMBER($H47)),IF($H47<=$R47,$I47,IF(AND(ISNUMBER($G47),ISNUMBER($F47)),IF($F47<=$R47,$G47,$E47),$E47)),IF(AND(ISNUMBER($G47),ISNUMBER($F47)),IF($F47<=$R47,$G47,$E47),$E47))*(1+IF($J47="Y",0,Assumptions!$B$3)),"") -> 0.847 | V47: =IF(ISNUMBER($E47),IF(AND(ISNUMBER($I47),ISNUMBER($H47)),IF($H47<=$S47,$I47,IF(AND(ISNUMBER($G47),ISNUMBER($F47)),IF($F47<=$S47,$G47,$E47),$E47)),IF(AND(ISNUMBER($G47),ISNUMBER($F47)),IF($F47<=$S47,$G47,$E47),$E47))*(1+IF($J47="Y",0,Assumptions!$B$3)),"") -> 0.847 | W47: =IF(ISNUMBER($T47),$Q47*$T47/Assumptions!$B$4,"") -> 45.1 | X47: =IF(ISNUMBER($U47),$R47*$U47/Assumptions!$B$5,"") -> 42.35 | Y47: =IF(ISNUMBER($V47),$S47*$V47/Assumptions!$B$6,"") -> 42.35 | Z47: =$A47&"|"&IF(ISNUMBER($W47),TEXT($W47,"0.0000"),"x")&"|"&$L47 -> LED1|45.1000|Y | AA47: =$A47&"|"&IF(ISNUMBER($Y47),TEXT($Y47,"0.0000"),"x")&"|"&$L47 -> LED1|42.3500|Y
A48: LED1 | B48: element14 Australia | C48: 2112100 / MPN 703-0090 | D48: 1 | E48: 0.483 | F48: 10 | G48: 0.352 | H48: 100 | I48: 0.268 | J48: N | K48: 5,411 (UK) | L48: Y | M48: 2026-10-24 | N48: https://au.element14.com/multicomp-pro/703-0090/led-3mm-red-100mcd-643nm/dp/2112100 | O48: Multicomp Pro 3 mm red THT. Min 5, multiple 5; q1 is the 5+ unit price. element14 AU per-unit price ex GST (page also shows incl GST = +10%); ships from UK stock 3-5 business days. | P48: =IFERROR(VLOOKUP($A48,BOM!$A$2:$E$54,5,0),0) -> 50 | Q48: =CEILING($P48*Assumptions!$B$4/$D48,1) -> 50 | R48: =CEILING($P48*Assumptions!$B$5/$D48,1) -> 500 | S48: =CEILING($P48*Assumptions!$B$6/$D48,1) -> 5000 | T48: =IF(ISNUMBER($E48),IF(AND(ISNUMBER($I48),ISNUMBER($H48)),IF($H48<=$Q48,$I48,IF(AND(ISNUMBER($G48),ISNUMBER($F48)),IF($F48<=$Q48,$G48,$E48),$E48)),IF(AND(ISNUMBER($G48),ISNUMBER($F48)),IF($F48<=$Q48,$G48,$E48),$E48))*(1+IF($J48="Y",0,Assumptions!$B$3)),"") -> 0.3872 | U48: =IF(ISNUMBER($E48),IF(AND(ISNUMBER($I48),ISNUMBER($H48)),IF($H48<=$R48,$I48,IF(AND(ISNUMBER($G48),ISNUMBER($F48)),IF($F48<=$R48,$G48,$E48),$E48)),IF(AND(ISNUMBER($G48),ISNUMBER($F48)),IF($F48<=$R48,$G48,$E48),$E48))*(1+IF($J48="Y",0,Assumptions!$B$3)),"") -> 0.2948 | V48: =IF(ISNUMBER($E48),IF(AND(ISNUMBER($I48),ISNUMBER($H48)),IF($H48<=$S48,$I48,IF(AND(ISNUMBER($G48),ISNUMBER($F48)),IF($F48<=$S48,$G48,$E48),$E48)),IF(AND(ISNUMBER($G48),ISNUMBER($F48)),IF($F48<=$S48,$G48,$E48),$E48))*(1+IF($J48="Y",0,Assumptions!$B$3)),"") -> 0.2948 | W48: =IF(ISNUMBER($T48),$Q48*$T48/Assumptions!$B$4,"") -> 19.36 | X48: =IF(ISNUMBER($U48),$R48*$U48/Assumptions!$B$5,"") -> 14.74 | Y48: =IF(ISNUMBER($V48),$S48*$V48/Assumptions!$B$6,"") -> 14.74 | Z48: =$A48&"|"&IF(ISNUMBER($W48),TEXT($W48,"0.0000"),"x")&"|"&$L48 -> LED1|19.3600|Y | AA48: =$A48&"|"&IF(ISNUMBER($Y48),TEXT($Y48,"0.0000"),"x")&"|"&$L48 -> LED1|14.7400|Y
A49: LED2 | B49: Core Electronics | C49: COM-09650 | D49: 1 | E49: 0.85 | F49: 5 | G49: 0.82 | H49: 100 | I49: 0.77 | J49: N | K49: not in stock; lead time, dispatch Oct 28-Nov 03 | L49: Y | M49: 2026-10-24 | N49: https://core-electronics.com.au/led-basic-green-3mm.html | O49: SparkFun basic green 3 mm. Breaks 5+/25+/100+ = 0.82/0.80/0.77. Core Electronics: q1 and breaks recorded ex GST (page shows q1 inc GST as well). | P49: =IFERROR(VLOOKUP($A49,BOM!$A$2:$E$54,5,0),0) -> 32 | Q49: =CEILING($P49*Assumptions!$B$4/$D49,1) -> 32 | R49: =CEILING($P49*Assumptions!$B$5/$D49,1) -> 320 | S49: =CEILING($P49*Assumptions!$B$6/$D49,1) -> 3200 | T49: =IF(ISNUMBER($E49),IF(AND(ISNUMBER($I49),ISNUMBER($H49)),IF($H49<=$Q49,$I49,IF(AND(ISNUMBER($G49),ISNUMBER($F49)),IF($F49<=$Q49,$G49,$E49),$E49)),IF(AND(ISNUMBER($G49),ISNUMBER($F49)),IF($F49<=$Q49,$G49,$E49),$E49))*(1+IF($J49="Y",0,Assumptions!$B$3)),"") -> 0.902 | U49: =IF(ISNUMBER($E49),IF(AND(ISNUMBER($I49),ISNUMBER($H49)),IF($H49<=$R49,$I49,IF(AND(ISNUMBER($G49),ISNUMBER($F49)),IF($F49<=$R49,$G49,$E49),$E49)),IF(AND(ISNUMBER($G49),ISNUMBER($F49)),IF($F49<=$R49,$G49,$E49),$E49))*(1+IF($J49="Y",0,Assumptions!$B$3)),"") -> 0.847 | V49: =IF(ISNUMBER($E49),IF(AND(ISNUMBER($I49),ISNUMBER($H49)),IF($H49<=$S49,$I49,IF(AND(ISNUMBER($G49),ISNUMBER($F49)),IF($F49<=$S49,$G49,$E49),$E49)),IF(AND(ISNUMBER($G49),ISNUMBER($F49)),IF($F49<=$S49,$G49,$E49),$E49))*(1+IF($J49="Y",0,Assumptions!$B$3)),"") -> 0.847 | W49: =IF(ISNUMBER($T49),$Q49*$T49/Assumptions!$B$4,"") -> 28.864 | X49: =IF(ISNUMBER($U49),$R49*$U49/Assumptions!$B$5,"") -> 27.104 | Y49: =IF(ISNUMBER($V49),$S49*$V49/Assumptions!$B$6,"") -> 27.104 | Z49: =$A49&"|"&IF(ISNUMBER($W49),TEXT($W49,"0.0000"),"x")&"|"&$L49 -> LED2|28.8640|Y | AA49: =$A49&"|"&IF(ISNUMBER($Y49),TEXT($Y49,"0.0000"),"x")&"|"&$L49 -> LED2|27.1040|Y
A50: LED2 | B50: element14 Australia | C50: 2112096 / MPN 703-0087 | D50: 1 | E50: 0.409 | F50: 10 | G50: 0.284 | H50: 100 | I50: 0.2 | J50: N | K50: 7,754 (UK) + 10,000 incoming | L50: Y | M50: 2026-10-24 | N50: https://au.element14.com/multicomp/703-0087/led-green-3mm-572nm-standard/dp/2112096 | O50: Multicomp Pro 3 mm green THT. Min 5, multiple 5. element14 AU per-unit price ex GST (page also shows incl GST = +10%); ships from UK stock 3-5 business days. | P50: =IFERROR(VLOOKUP($A50,BOM!$A$2:$E$54,5,0),0) -> 32 | Q50: =CEILING($P50*Assumptions!$B$4/$D50,1) -> 32 | R50: =CEILING($P50*Assumptions!$B$5/$D50,1) -> 320 | S50: =CEILING($P50*Assumptions!$B$6/$D50,1) -> 3200 | T50: =IF(ISNUMBER($E50),IF(AND(ISNUMBER($I50),ISNUMBER($H50)),IF($H50<=$Q50,$I50,IF(AND(ISNUMBER($G50),ISNUMBER($F50)),IF($F50<=$Q50,$G50,$E50),$E50)),IF(AND(ISNUMBER($G50),ISNUMBER($F50)),IF($F50<=$Q50,$G50,$E50),$E50))*(1+IF($J50="Y",0,Assumptions!$B$3)),"") -> 0.3124 | U50: =IF(ISNUMBER($E50),IF(AND(ISNUMBER($I50),ISNUMBER($H50)),IF($H50<=$R50,$I50,IF(AND(ISNUMBER($G50),ISNUMBER($F50)),IF($F50<=$R50,$G50,$E50),$E50)),IF(AND(ISNUMBER($G50),ISNUMBER($F50)),IF($F50<=$R50,$G50,$E50),$E50))*(1+IF($J50="Y",0,Assumptions!$B$3)),"") -> 0.22 | V50: =IF(ISNUMBER($E50),IF(AND(ISNUMBER($I50),ISNUMBER($H50)),IF($H50<=$S50,$I50,IF(AND(ISNUMBER($G50),ISNUMBER($F50)),IF($F50<=$S50,$G50,$E50),$E50)),IF(AND(ISNUMBER($G50),ISNUMBER($F50)),IF($F50<=$S50,$G50,$E50),$E50))*(1+IF($J50="Y",0,Assumptions!$B$3)),"") -> 0.22 | W50: =IF(ISNUMBER($T50),$Q50*$T50/Assumptions!$B$4,"") -> 9.9968 | X50: =IF(ISNUMBER($U50),$R50*$U50/Assumptions!$B$5,"") -> 7.04 | Y50: =IF(ISNUMBER($V50),$S50*$V50/Assumptions!$B$6,"") -> 7.04 | Z50: =$A50&"|"&IF(ISNUMBER($W50),TEXT($W50,"0.0000"),"x")&"|"&$L50 -> LED2|9.9968|Y | AA50: =$A50&"|"&IF(ISNUMBER($Y50),TEXT($Y50,"0.0000"),"x")&"|"&$L50 -> LED2|7.0400|Y
A51: LED3 | B51: Core Electronics | C51: COM-00532 | D51: 1 | E51: 0.78 | F51: 5 | G51: 0.75 | H51: 100 | I51: 0.71 | J51: N | K51: lead time, dispatch Oct 29-Nov 04 | L51: Y | M51: 2026-10-24 | N51: https://core-electronics.com.au/led-basic-yellow-3mm.html | O51: SparkFun basic yellow 3 mm. Breaks 5+/25+/100+ = 0.75/0.75/0.71. Core Electronics: q1 and breaks recorded ex GST (page shows q1 inc GST as well). | P51: =IFERROR(VLOOKUP($A51,BOM!$A$2:$E$54,5,0),0) -> 10 | Q51: =CEILING($P51*Assumptions!$B$4/$D51,1) -> 10 | R51: =CEILING($P51*Assumptions!$B$5/$D51,1) -> 100 | S51: =CEILING($P51*Assumptions!$B$6/$D51,1) -> 1000 | T51: =IF(ISNUMBER($E51),IF(AND(ISNUMBER($I51),ISNUMBER($H51)),IF($H51<=$Q51,$I51,IF(AND(ISNUMBER($G51),ISNUMBER($F51)),IF($F51<=$Q51,$G51,$E51),$E51)),IF(AND(ISNUMBER($G51),ISNUMBER($F51)),IF($F51<=$Q51,$G51,$E51),$E51))*(1+IF($J51="Y",0,Assumptions!$B$3)),"") -> 0.825 | U51: =IF(ISNUMBER($E51),IF(AND(ISNUMBER($I51),ISNUMBER($H51)),IF($H51<=$R51,$I51,IF(AND(ISNUMBER($G51),ISNUMBER($F51)),IF($F51<=$R51,$G51,$E51),$E51)),IF(AND(ISNUMBER($G51),ISNUMBER($F51)),IF($F51<=$R51,$G51,$E51),$E51))*(1+IF($J51="Y",0,Assumptions!$B$3)),"") -> 0.781 | V51: =IF(ISNUMBER($E51),IF(AND(ISNUMBER($I51),ISNUMBER($H51)),IF($H51<=$S51,$I51,IF(AND(ISNUMBER($G51),ISNUMBER($F51)),IF($F51<=$S51,$G51,$E51),$E51)),IF(AND(ISNUMBER($G51),ISNUMBER($F51)),IF($F51<=$S51,$G51,$E51),$E51))*(1+IF($J51="Y",0,Assumptions!$B$3)),"") -> 0.781 | W51: =IF(ISNUMBER($T51),$Q51*$T51/Assumptions!$B$4,"") -> 8.25 | X51: =IF(ISNUMBER($U51),$R51*$U51/Assumptions!$B$5,"") -> 7.81 | Y51: =IF(ISNUMBER($V51),$S51*$V51/Assumptions!$B$6,"") -> 7.81 | Z51: =$A51&"|"&IF(ISNUMBER($W51),TEXT($W51,"0.0000"),"x")&"|"&$L51 -> LED3|8.2500|Y | AA51: =$A51&"|"&IF(ISNUMBER($Y51),TEXT($Y51,"0.0000"),"x")&"|"&$L51 -> LED3|7.8100|Y
A52: LED3 | B52: element14 Australia | C52: 2112098 / MPN 703-0088 | D52: 1 | E52: 0.722 | F52: 10 | G52: 0.563 | H52: 100 | I52: 0.443 | J52: N | K52: 17,219 (UK) | L52: Y | M52: 2026-10-24 | N52: https://au.element14.com/multicomp-pro/703-0088/led-3mm-yellow-50mcd-590nm/dp/2112098 | O52: Multicomp Pro 3 mm yellow THT. Min 5, multiple 5. element14 AU per-unit price ex GST (page also shows incl GST = +10%); ships from UK stock 3-5 business days. | P52: =IFERROR(VLOOKUP($A52,BOM!$A$2:$E$54,5,0),0) -> 10 | Q52: =CEILING($P52*Assumptions!$B$4/$D52,1) -> 10 | R52: =CEILING($P52*Assumptions!$B$5/$D52,1) -> 100 | S52: =CEILING($P52*Assumptions!$B$6/$D52,1) -> 1000 | T52: =IF(ISNUMBER($E52),IF(AND(ISNUMBER($I52),ISNUMBER($H52)),IF($H52<=$Q52,$I52,IF(AND(ISNUMBER($G52),ISNUMBER($F52)),IF($F52<=$Q52,$G52,$E52),$E52)),IF(AND(ISNUMBER($G52),ISNUMBER($F52)),IF($F52<=$Q52,$G52,$E52),$E52))*(1+IF($J52="Y",0,Assumptions!$B$3)),"") -> 0.6193 | U52: =IF(ISNUMBER($E52),IF(AND(ISNUMBER($I52),ISNUMBER($H52)),IF($H52<=$R52,$I52,IF(AND(ISNUMBER($G52),ISNUMBER($F52)),IF($F52<=$R52,$G52,$E52),$E52)),IF(AND(ISNUMBER($G52),ISNUMBER($F52)),IF($F52<=$R52,$G52,$E52),$E52))*(1+IF($J52="Y",0,Assumptions!$B$3)),"") -> 0.4873 | V52: =IF(ISNUMBER($E52),IF(AND(ISNUMBER($I52),ISNUMBER($H52)),IF($H52<=$S52,$I52,IF(AND(ISNUMBER($G52),ISNUMBER($F52)),IF($F52<=$S52,$G52,$E52),$E52)),IF(AND(ISNUMBER($G52),ISNUMBER($F52)),IF($F52<=$S52,$G52,$E52),$E52))*(1+IF($J52="Y",0,Assumptions!$B$3)),"") -> 0.4873 | W52: =IF(ISNUMBER($T52),$Q52*$T52/Assumptions!$B$4,"") -> 6.193 | X52: =IF(ISNUMBER($U52),$R52*$U52/Assumptions!$B$5,"") -> 4.873 | Y52: =IF(ISNUMBER($V52),$S52*$V52/Assumptions!$B$6,"") -> 4.873 | Z52: =$A52&"|"&IF(ISNUMBER($W52),TEXT($W52,"0.0000"),"x")&"|"&$L52 -> LED3|6.1930|Y | AA52: =$A52&"|"&IF(ISNUMBER($Y52),TEXT($Y52,"0.0000"),"x")&"|"&$L52 -> LED3|4.8730|Y
A53: LEDB | B53: Core Electronics | C53: ADA780 Diffused Blue 3mm LED 25-pack | D53: 25 | E53: 11.4 | J53: Y | K53: 2 local + supplier | L53: Y | M53: 2026-10-25 | N53: https://core-electronics.com.au/diffused-blue-3mm-led-25-pack.html | O53: Adafruit 25-pack, no breaks. element14: WP710A10QBC/D not found. Stock risk for 800 LEDs (32 packs). | P53: =IFERROR(VLOOKUP($A53,BOM!$A$2:$E$54,5,0),0) -> 10 | Q53: =CEILING($P53*Assumptions!$B$4/$D53,1) -> 1 | R53: =CEILING($P53*Assumptions!$B$5/$D53,1) -> 4 | S53: =CEILING($P53*Assumptions!$B$6/$D53,1) -> 40 | T53: =IF(ISNUMBER($E53),IF(AND(ISNUMBER($I53),ISNUMBER($H53)),IF($H53<=$Q53,$I53,IF(AND(ISNUMBER($G53),ISNUMBER($F53)),IF($F53<=$Q53,$G53,$E53),$E53)),IF(AND(ISNUMBER($G53),ISNUMBER($F53)),IF($F53<=$Q53,$G53,$E53),$E53))*(1+IF($J53="Y",0,Assumptions!$B$3)),"") -> 11.4 | U53: =IF(ISNUMBER($E53),IF(AND(ISNUMBER($I53),ISNUMBER($H53)),IF($H53<=$R53,$I53,IF(AND(ISNUMBER($G53),ISNUMBER($F53)),IF($F53<=$R53,$G53,$E53),$E53)),IF(AND(ISNUMBER($G53),ISNUMBER($F53)),IF($F53<=$R53,$G53,$E53),$E53))*(1+IF($J53="Y",0,Assumptions!$B$3)),"") -> 11.4 | V53: =IF(ISNUMBER($E53),IF(AND(ISNUMBER($I53),ISNUMBER($H53)),IF($H53<=$S53,$I53,IF(AND(ISNUMBER($G53),ISNUMBER($F53)),IF($F53<=$S53,$G53,$E53),$E53)),IF(AND(ISNUMBER($G53),ISNUMBER($F53)),IF($F53<=$S53,$G53,$E53),$E53))*(1+IF($J53="Y",0,Assumptions!$B$3)),"") -> 11.4 | W53: =IF(ISNUMBER($T53),$Q53*$T53/Assumptions!$B$4,"") -> 11.4 | X53: =IF(ISNUMBER($U53),$R53*$U53/Assumptions!$B$5,"") -> 4.56 | Y53: =IF(ISNUMBER($V53),$S53*$V53/Assumptions!$B$6,"") -> 4.56 | Z53: =$A53&"|"&IF(ISNUMBER($W53),TEXT($W53,"0.0000"),"x")&"|"&$L53 -> LEDB|11.4000|Y | AA53: =$A53&"|"&IF(ISNUMBER($Y53),TEXT($Y53,"0.0000"),"x")&"|"&$L53 -> LEDB|4.5600|Y
A54: LEDB | B54: Mouser Australia | C54: WP710A10QBC/D (604-WP710A10QBC/D) | D54: 1 | E54: 0.522 | F54: 10 | G54: 0.357 | H54: 100 | I54: 0.212 | J54: N | K54: 36871 | L54: Y | M54: 2026-10-25 | N54: https://au.mouser.com/c/?q=WP710A10QBC | O54: Mouser page states no GST treatment; treated as ex GST. Kingbright 3 mm blue 470 nm water clear. Direct product page failed; price from search page. | P54: =IFERROR(VLOOKUP($A54,BOM!$A$2:$E$54,5,0),0) -> 10 | Q54: =CEILING($P54*Assumptions!$B$4/$D54,1) -> 10 | R54: =CEILING($P54*Assumptions!$B$5/$D54,1) -> 100 | S54: =CEILING($P54*Assumptions!$B$6/$D54,1) -> 1000 | T54: =IF(ISNUMBER($E54),IF(AND(ISNUMBER($I54),ISNUMBER($H54)),IF($H54<=$Q54,$I54,IF(AND(ISNUMBER($G54),ISNUMBER($F54)),IF($F54<=$Q54,$G54,$E54),$E54)),IF(AND(ISNUMBER($G54),ISNUMBER($F54)),IF($F54<=$Q54,$G54,$E54),$E54))*(1+IF($J54="Y",0,Assumptions!$B$3)),"") -> 0.3927 | U54: =IF(ISNUMBER($E54),IF(AND(ISNUMBER($I54),ISNUMBER($H54)),IF($H54<=$R54,$I54,IF(AND(ISNUMBER($G54),ISNUMBER($F54)),IF($F54<=$R54,$G54,$E54),$E54)),IF(AND(ISNUMBER($G54),ISNUMBER($F54)),IF($F54<=$R54,$G54,$E54),$E54))*(1+IF($J54="Y",0,Assumptions!$B$3)),"") -> 0.2332 | V54: =IF(ISNUMBER($E54),IF(AND(ISNUMBER($I54),ISNUMBER($H54)),IF($H54<=$S54,$I54,IF(AND(ISNUMBER($G54),ISNUMBER($F54)),IF($F54<=$S54,$G54,$E54),$E54)),IF(AND(ISNUMBER($G54),ISNUMBER($F54)),IF($F54<=$S54,$G54,$E54),$E54))*(1+IF($J54="Y",0,Assumptions!$B$3)),"") -> 0.2332 | W54: =IF(ISNUMBER($T54),$Q54*$T54/Assumptions!$B$4,"") -> 3.927 | X54: =IF(ISNUMBER($U54),$R54*$U54/Assumptions!$B$5,"") -> 2.332 | Y54: =IF(ISNUMBER($V54),$S54*$V54/Assumptions!$B$6,"") -> 2.332 | Z54: =$A54&"|"&IF(ISNUMBER($W54),TEXT($W54,"0.0000"),"x")&"|"&$L54 -> LEDB|3.9270|Y | AA54: =$A54&"|"&IF(ISNUMBER($Y54),TEXT($Y54,"0.0000"),"x")&"|"&$L54 -> LEDB|2.3320|Y
A55: R01 | B55: Core Electronics | C55: ADA4294 | D55: 25 | E55: 1.5 | F55: 10 | G55: 1.45 | H55: 50 | I55: 1.43 | J55: N | K55: OUT OF STOCK | L55: Y | M55: 2026-10-24 | N55: https://core-electronics.com.au/through-hole-resistors-1-0k-ohm-5-1-4w-pack-of-25.html | O55: Adafruit 1k 5% 1/4 W pack of 25. Breaks 10+ 1.45, 50+ 1.43 (no 100 break). Alternative PRT-14492 20-pack $2.30 incl GST, 0 local stock. Jaycar RR0572 is 1k 0.5 W metal film pk 8 at $0.85. Core Electronics: q1 and breaks recorded ex GST (page shows q1 inc GST as well). | P55: =IFERROR(VLOOKUP($A55,BOM!$A$2:$E$54,5,0),0) -> 80 | Q55: =CEILING($P55*Assumptions!$B$4/$D55,1) -> 4 | R55: =CEILING($P55*Assumptions!$B$5/$D55,1) -> 32 | S55: =CEILING($P55*Assumptions!$B$6/$D55,1) -> 320 | T55: =IF(ISNUMBER($E55),IF(AND(ISNUMBER($I55),ISNUMBER($H55)),IF($H55<=$Q55,$I55,IF(AND(ISNUMBER($G55),ISNUMBER($F55)),IF($F55<=$Q55,$G55,$E55),$E55)),IF(AND(ISNUMBER($G55),ISNUMBER($F55)),IF($F55<=$Q55,$G55,$E55),$E55))*(1+IF($J55="Y",0,Assumptions!$B$3)),"") -> 1.65 | U55: =IF(ISNUMBER($E55),IF(AND(ISNUMBER($I55),ISNUMBER($H55)),IF($H55<=$R55,$I55,IF(AND(ISNUMBER($G55),ISNUMBER($F55)),IF($F55<=$R55,$G55,$E55),$E55)),IF(AND(ISNUMBER($G55),ISNUMBER($F55)),IF($F55<=$R55,$G55,$E55),$E55))*(1+IF($J55="Y",0,Assumptions!$B$3)),"") -> 1.595 | V55: =IF(ISNUMBER($E55),IF(AND(ISNUMBER($I55),ISNUMBER($H55)),IF($H55<=$S55,$I55,IF(AND(ISNUMBER($G55),ISNUMBER($F55)),IF($F55<=$S55,$G55,$E55),$E55)),IF(AND(ISNUMBER($G55),ISNUMBER($F55)),IF($F55<=$S55,$G55,$E55),$E55))*(1+IF($J55="Y",0,Assumptions!$B$3)),"") -> 1.573 | W55: =IF(ISNUMBER($T55),$Q55*$T55/Assumptions!$B$4,"") -> 6.6 | X55: =IF(ISNUMBER($U55),$R55*$U55/Assumptions!$B$5,"") -> 5.104 | Y55: =IF(ISNUMBER($V55),$S55*$V55/Assumptions!$B$6,"") -> 5.0336 | Z55: =$A55&"|"&IF(ISNUMBER($W55),TEXT($W55,"0.0000"),"x")&"|"&$L55 -> R01|6.6000|Y | AA55: =$A55&"|"&IF(ISNUMBER($Y55),TEXT($Y55,"0.0000"),"x")&"|"&$L55 -> R01|5.0336|Y
A56: R01 | B56: element14 Australia | C56: 9339051 / MPN MCF 0.25W 1K | D56: 1 | E56: 0.059 | F56: 10 | G56: 0.059 | H56: 100 | I56: 0.034 | J56: N | K56: 41,471 (UK) + 205,000 incoming | L56: Y | M56: 2026-10-24 | N56: https://au.element14.com/multicomp-pro/mcf-0-25w-1k/res-1k-5-250mw-axial-carbon-film/dp/9339051 | O56: Carbon film 1k 5% 0.25 W axial. Min 10, multiple 10 (q1 = 10+ unit price; min order 10 = $0.59 ex GST). element14 AU per-unit price ex GST (page also shows incl GST = +10%); ships from UK stock 3-5 business days. | P56: =IFERROR(VLOOKUP($A56,BOM!$A$2:$E$54,5,0),0) -> 80 | Q56: =CEILING($P56*Assumptions!$B$4/$D56,1) -> 80 | R56: =CEILING($P56*Assumptions!$B$5/$D56,1) -> 800 | S56: =CEILING($P56*Assumptions!$B$6/$D56,1) -> 8000 | T56: =IF(ISNUMBER($E56),IF(AND(ISNUMBER($I56),ISNUMBER($H56)),IF($H56<=$Q56,$I56,IF(AND(ISNUMBER($G56),ISNUMBER($F56)),IF($F56<=$Q56,$G56,$E56),$E56)),IF(AND(ISNUMBER($G56),ISNUMBER($F56)),IF($F56<=$Q56,$G56,$E56),$E56))*(1+IF($J56="Y",0,Assumptions!$B$3)),"") -> 0.0649 | U56: =IF(ISNUMBER($E56),IF(AND(ISNUMBER($I56),ISNUMBER($H56)),IF($H56<=$R56,$I56,IF(AND(ISNUMBER($G56),ISNUMBER($F56)),IF($F56<=$R56,$G56,$E56),$E56)),IF(AND(ISNUMBER($G56),ISNUMBER($F56)),IF($F56<=$R56,$G56,$E56),$E56))*(1+IF($J56="Y",0,Assumptions!$B$3)),"") -> 0.0374 | V56: =IF(ISNUMBER($E56),IF(AND(ISNUMBER($I56),ISNUMBER($H56)),IF($H56<=$S56,$I56,IF(AND(ISNUMBER($G56),ISNUMBER($F56)),IF($F56<=$S56,$G56,$E56),$E56)),IF(AND(ISNUMBER($G56),ISNUMBER($F56)),IF($F56<=$S56,$G56,$E56),$E56))*(1+IF($J56="Y",0,Assumptions!$B$3)),"") -> 0.0374 | W56: =IF(ISNUMBER($T56),$Q56*$T56/Assumptions!$B$4,"") -> 5.192 | X56: =IF(ISNUMBER($U56),$R56*$U56/Assumptions!$B$5,"") -> 2.992 | Y56: =IF(ISNUMBER($V56),$S56*$V56/Assumptions!$B$6,"") -> 2.992 | Z56: =$A56&"|"&IF(ISNUMBER($W56),TEXT($W56,"0.0000"),"x")&"|"&$L56 -> R01|5.1920|Y | AA56: =$A56&"|"&IF(ISNUMBER($Y56),TEXT($Y56,"0.0000"),"x")&"|"&$L56 -> R01|2.9920|Y
A57: R2k2 | B57: Mouser Australia | C57: MFR-25FBF52-2K2 (603-MFR-25FBF52-2K2) | D57: 1 | E57: 0.145 | F57: 10 | G57: 0.061 | H57: 100 | I57: 0.039 | J57: N | K57: 19605 (+20000 due 12/01/2027) | L57: Y | M57: 2026-10-25 | N57: https://au.mouser.com/c/?q=MFR-25FBF52-2K2 | O57: Mouser page states no GST treatment; treated as ex GST. Yageo 1/4 W 1%, bulk. | P57: =IFERROR(VLOOKUP($A57,BOM!$A$2:$E$54,5,0),0) -> 35 | Q57: =CEILING($P57*Assumptions!$B$4/$D57,1) -> 35 | R57: =CEILING($P57*Assumptions!$B$5/$D57,1) -> 350 | S57: =CEILING($P57*Assumptions!$B$6/$D57,1) -> 3500 | T57: =IF(ISNUMBER($E57),IF(AND(ISNUMBER($I57),ISNUMBER($H57)),IF($H57<=$Q57,$I57,IF(AND(ISNUMBER($G57),ISNUMBER($F57)),IF($F57<=$Q57,$G57,$E57),$E57)),IF(AND(ISNUMBER($G57),ISNUMBER($F57)),IF($F57<=$Q57,$G57,$E57),$E57))*(1+IF($J57="Y",0,Assumptions!$B$3)),"") -> 0.0671 | U57: =IF(ISNUMBER($E57),IF(AND(ISNUMBER($I57),ISNUMBER($H57)),IF($H57<=$R57,$I57,IF(AND(ISNUMBER($G57),ISNUMBER($F57)),IF($F57<=$R57,$G57,$E57),$E57)),IF(AND(ISNUMBER($G57),ISNUMBER($F57)),IF($F57<=$R57,$G57,$E57),$E57))*(1+IF($J57="Y",0,Assumptions!$B$3)),"") -> 0.0429 | V57: =IF(ISNUMBER($E57),IF(AND(ISNUMBER($I57),ISNUMBER($H57)),IF($H57<=$S57,$I57,IF(AND(ISNUMBER($G57),ISNUMBER($F57)),IF($F57<=$S57,$G57,$E57),$E57)),IF(AND(ISNUMBER($G57),ISNUMBER($F57)),IF($F57<=$S57,$G57,$E57),$E57))*(1+IF($J57="Y",0,Assumptions!$B$3)),"") -> 0.0429 | W57: =IF(ISNUMBER($T57),$Q57*$T57/Assumptions!$B$4,"") -> 2.3485 | X57: =IF(ISNUMBER($U57),$R57*$U57/Assumptions!$B$5,"") -> 1.5015 | Y57: =IF(ISNUMBER($V57),$S57*$V57/Assumptions!$B$6,"") -> 1.5015 | Z57: =$A57&"|"&IF(ISNUMBER($W57),TEXT($W57,"0.0000"),"x")&"|"&$L57 -> R2k2|2.3485|Y | AA57: =$A57&"|"&IF(ISNUMBER($Y57),TEXT($Y57,"0.0000"),"x")&"|"&$L57 -> R2k2|1.5015|Y
A58: R2k2 | B58: element14 Australia | C58: MFR-25FBF52-2K2 (order code 4555518) | D58: 1 | E58: 0.147 | F58: 25 | G58: 0.048 | H58: 100 | I58: 0.042 | J58: N | K58: in stock (qty not shown) | L58: Y | M58: 2026-10-25 | N58: https://au.element14.com/w/search?st=MFR-25FBF52-2K2 | O58: element14 shows ex GST with incl-GST in brackets; ex-GST figures recorded. Cut tape. Order code 4560126 (same MPN): 10+ 0.061, 100+ 0.040. | P58: =IFERROR(VLOOKUP($A58,BOM!$A$2:$E$54,5,0),0) -> 35 | Q58: =CEILING($P58*Assumptions!$B$4/$D58,1) -> 35 | R58: =CEILING($P58*Assumptions!$B$5/$D58,1) -> 350 | S58: =CEILING($P58*Assumptions!$B$6/$D58,1) -> 3500 | T58: =IF(ISNUMBER($E58),IF(AND(ISNUMBER($I58),ISNUMBER($H58)),IF($H58<=$Q58,$I58,IF(AND(ISNUMBER($G58),ISNUMBER($F58)),IF($F58<=$Q58,$G58,$E58),$E58)),IF(AND(ISNUMBER($G58),ISNUMBER($F58)),IF($F58<=$Q58,$G58,$E58),$E58))*(1+IF($J58="Y",0,Assumptions!$B$3)),"") -> 0.0528 | U58: =IF(ISNUMBER($E58),IF(AND(ISNUMBER($I58),ISNUMBER($H58)),IF($H58<=$R58,$I58,IF(AND(ISNUMBER($G58),ISNUMBER($F58)),IF($F58<=$R58,$G58,$E58),$E58)),IF(AND(ISNUMBER($G58),ISNUMBER($F58)),IF($F58<=$R58,$G58,$E58),$E58))*(1+IF($J58="Y",0,Assumptions!$B$3)),"") -> 0.0462 | V58: =IF(ISNUMBER($E58),IF(AND(ISNUMBER($I58),ISNUMBER($H58)),IF($H58<=$S58,$I58,IF(AND(ISNUMBER($G58),ISNUMBER($F58)),IF($F58<=$S58,$G58,$E58),$E58)),IF(AND(ISNUMBER($G58),ISNUMBER($F58)),IF($F58<=$S58,$G58,$E58),$E58))*(1+IF($J58="Y",0,Assumptions!$B$3)),"") -> 0.0462 | W58: =IF(ISNUMBER($T58),$Q58*$T58/Assumptions!$B$4,"") -> 1.848 | X58: =IF(ISNUMBER($U58),$R58*$U58/Assumptions!$B$5,"") -> 1.617 | Y58: =IF(ISNUMBER($V58),$S58*$V58/Assumptions!$B$6,"") -> 1.617 | Z58: =$A58&"|"&IF(ISNUMBER($W58),TEXT($W58,"0.0000"),"x")&"|"&$L58 -> R2k2|1.8480|Y | AA58: =$A58&"|"&IF(ISNUMBER($Y58),TEXT($Y58,"0.0000"),"x")&"|"&$L58 -> R2k2|1.6170|Y
A59: R02 | B59: Core Electronics | C59: CE09886 | D59: 1 | E59: 0.09 | F59: 10 | G59: 0.08 | H59: 100 | I59: 0.07 | J59: N | K59: 1,362 local | L59: Y | M59: 2026-10-24 | N59: https://core-electronics.com.au/resistor-10k-ohm-025-watt-pth.html | O59: 10k 0.25 W PTH, sold singly (pack size not stated). q1 $0.10 inc GST. Core Electronics: q1 and breaks recorded ex GST (page shows q1 inc GST as well). | P59: =IFERROR(VLOOKUP($A59,BOM!$A$2:$E$54,5,0),0) -> 10 | Q59: =CEILING($P59*Assumptions!$B$4/$D59,1) -> 10 | R59: =CEILING($P59*Assumptions!$B$5/$D59,1) -> 100 | S59: =CEILING($P59*Assumptions!$B$6/$D59,1) -> 1000 | T59: =IF(ISNUMBER($E59),IF(AND(ISNUMBER($I59),ISNUMBER($H59)),IF($H59<=$Q59,$I59,IF(AND(ISNUMBER($G59),ISNUMBER($F59)),IF($F59<=$Q59,$G59,$E59),$E59)),IF(AND(ISNUMBER($G59),ISNUMBER($F59)),IF($F59<=$Q59,$G59,$E59),$E59))*(1+IF($J59="Y",0,Assumptions!$B$3)),"") -> 0.088 | U59: =IF(ISNUMBER($E59),IF(AND(ISNUMBER($I59),ISNUMBER($H59)),IF($H59<=$R59,$I59,IF(AND(ISNUMBER($G59),ISNUMBER($F59)),IF($F59<=$R59,$G59,$E59),$E59)),IF(AND(ISNUMBER($G59),ISNUMBER($F59)),IF($F59<=$R59,$G59,$E59),$E59))*(1+IF($J59="Y",0,Assumptions!$B$3)),"") -> 0.077 | V59: =IF(ISNUMBER($E59),IF(AND(ISNUMBER($I59),ISNUMBER($H59)),IF($H59<=$S59,$I59,IF(AND(ISNUMBER($G59),ISNUMBER($F59)),IF($F59<=$S59,$G59,$E59),$E59)),IF(AND(ISNUMBER($G59),ISNUMBER($F59)),IF($F59<=$S59,$G59,$E59),$E59))*(1+IF($J59="Y",0,Assumptions!$B$3)),"") -> 0.077 | W59: =IF(ISNUMBER($T59),$Q59*$T59/Assumptions!$B$4,"") -> 0.88 | X59: =IF(ISNUMBER($U59),$R59*$U59/Assumptions!$B$5,"") -> 0.77 | Y59: =IF(ISNUMBER($V59),$S59*$V59/Assumptions!$B$6,"") -> 0.77 | Z59: =$A59&"|"&IF(ISNUMBER($W59),TEXT($W59,"0.0000"),"x")&"|"&$L59 -> R02|0.8800|Y | AA59: =$A59&"|"&IF(ISNUMBER($Y59),TEXT($Y59,"0.0000"),"x")&"|"&$L59 -> R02|0.7700|Y
A60: R02 | B60: element14 Australia | C60: 9339060 / MPN MCF 0.25W 10K | D60: 1 | E60: 0.059 | F60: 10 | G60: 0.059 | H60: 100 | I60: 0.034 | J60: N | K60: 232,860 (UK) | L60: Y | M60: 2026-10-24 | N60: https://au.element14.com/multicomp-pro/mcf-0-25w-10k/res-10k-5-250mw-axial-carbon-film/dp/9339060 | O60: Carbon film 10k 5% 0.25 W axial. Min 10, multiple 10. element14 AU per-unit price ex GST (page also shows incl GST = +10%); ships from UK stock 3-5 business days. | P60: =IFERROR(VLOOKUP($A60,BOM!$A$2:$E$54,5,0),0) -> 10 | Q60: =CEILING($P60*Assumptions!$B$4/$D60,1) -> 10 | R60: =CEILING($P60*Assumptions!$B$5/$D60,1) -> 100 | S60: =CEILING($P60*Assumptions!$B$6/$D60,1) -> 1000 | T60: =IF(ISNUMBER($E60),IF(AND(ISNUMBER($I60),ISNUMBER($H60)),IF($H60<=$Q60,$I60,IF(AND(ISNUMBER($G60),ISNUMBER($F60)),IF($F60<=$Q60,$G60,$E60),$E60)),IF(AND(ISNUMBER($G60),ISNUMBER($F60)),IF($F60<=$Q60,$G60,$E60),$E60))*(1+IF($J60="Y",0,Assumptions!$B$3)),"") -> 0.0649 | U60: =IF(ISNUMBER($E60),IF(AND(ISNUMBER($I60),ISNUMBER($H60)),IF($H60<=$R60,$I60,IF(AND(ISNUMBER($G60),ISNUMBER($F60)),IF($F60<=$R60,$G60,$E60),$E60)),IF(AND(ISNUMBER($G60),ISNUMBER($F60)),IF($F60<=$R60,$G60,$E60),$E60))*(1+IF($J60="Y",0,Assumptions!$B$3)),"") -> 0.0374 | V60: =IF(ISNUMBER($E60),IF(AND(ISNUMBER($I60),ISNUMBER($H60)),IF($H60<=$S60,$I60,IF(AND(ISNUMBER($G60),ISNUMBER($F60)),IF($F60<=$S60,$G60,$E60),$E60)),IF(AND(ISNUMBER($G60),ISNUMBER($F60)),IF($F60<=$S60,$G60,$E60),$E60))*(1+IF($J60="Y",0,Assumptions!$B$3)),"") -> 0.0374 | W60: =IF(ISNUMBER($T60),$Q60*$T60/Assumptions!$B$4,"") -> 0.649 | X60: =IF(ISNUMBER($U60),$R60*$U60/Assumptions!$B$5,"") -> 0.374 | Y60: =IF(ISNUMBER($V60),$S60*$V60/Assumptions!$B$6,"") -> 0.374 | Z60: =$A60&"|"&IF(ISNUMBER($W60),TEXT($W60,"0.0000"),"x")&"|"&$L60 -> R02|0.6490|Y | AA60: =$A60&"|"&IF(ISNUMBER($Y60),TEXT($Y60,"0.0000"),"x")&"|"&$L60 -> R02|0.3740|Y
A61: R100k | B61: Mouser Australia | C61: MFR-25FBF52-100K (603-MFR-25FBF52-100K) | D61: 1 | E61: 0.145 | F61: 10 | G61: 0.061 | H61: 100 | I61: 0.039 | J61: N | K61: 15904 (+70000 on order) | L61: Y | M61: 2026-10-25 | N61: https://au.mouser.com/c/?q=MFR-25FBF52-100K | O61: Mouser page states no GST treatment; treated as ex GST. Yageo 1/4 W 1%, bulk. | P61: =IFERROR(VLOOKUP($A61,BOM!$A$2:$E$54,5,0),0) -> 1 | Q61: =CEILING($P61*Assumptions!$B$4/$D61,1) -> 1 | R61: =CEILING($P61*Assumptions!$B$5/$D61,1) -> 10 | S61: =CEILING($P61*Assumptions!$B$6/$D61,1) -> 100 | T61: =IF(ISNUMBER($E61),IF(AND(ISNUMBER($I61),ISNUMBER($H61)),IF($H61<=$Q61,$I61,IF(AND(ISNUMBER($G61),ISNUMBER($F61)),IF($F61<=$Q61,$G61,$E61),$E61)),IF(AND(ISNUMBER($G61),ISNUMBER($F61)),IF($F61<=$Q61,$G61,$E61),$E61))*(1+IF($J61="Y",0,Assumptions!$B$3)),"") -> 0.1595 | U61: =IF(ISNUMBER($E61),IF(AND(ISNUMBER($I61),ISNUMBER($H61)),IF($H61<=$R61,$I61,IF(AND(ISNUMBER($G61),ISNUMBER($F61)),IF($F61<=$R61,$G61,$E61),$E61)),IF(AND(ISNUMBER($G61),ISNUMBER($F61)),IF($F61<=$R61,$G61,$E61),$E61))*(1+IF($J61="Y",0,Assumptions!$B$3)),"") -> 0.0671 | V61: =IF(ISNUMBER($E61),IF(AND(ISNUMBER($I61),ISNUMBER($H61)),IF($H61<=$S61,$I61,IF(AND(ISNUMBER($G61),ISNUMBER($F61)),IF($F61<=$S61,$G61,$E61),$E61)),IF(AND(ISNUMBER($G61),ISNUMBER($F61)),IF($F61<=$S61,$G61,$E61),$E61))*(1+IF($J61="Y",0,Assumptions!$B$3)),"") -> 0.0429 | W61: =IF(ISNUMBER($T61),$Q61*$T61/Assumptions!$B$4,"") -> 0.1595 | X61: =IF(ISNUMBER($U61),$R61*$U61/Assumptions!$B$5,"") -> 0.0671 | Y61: =IF(ISNUMBER($V61),$S61*$V61/Assumptions!$B$6,"") -> 0.0429 | Z61: =$A61&"|"&IF(ISNUMBER($W61),TEXT($W61,"0.0000"),"x")&"|"&$L61 -> R100k|0.1595|Y | AA61: =$A61&"|"&IF(ISNUMBER($Y61),TEXT($Y61,"0.0000"),"x")&"|"&$L61 -> R100k|0.0429|Y
A62: R100k | B62: element14 Australia | C62: MFR-25FBF52-100K (order code 3951793) | D62: 1 | E62: 0.061 | F62: 10 | G62: 0.061 | H62: 100 | I62: 0.04 | J62: N | K62: 21981 | L62: Y | M62: 2026-10-25 | N62: https://au.element14.com/w/search?st=MFR-25FBF52-100K | O62: element14 shows ex GST with incl-GST in brackets; ex-GST figures recorded. Min order 10, multiple 10; q1 field is the 10+ price. | P62: =IFERROR(VLOOKUP($A62,BOM!$A$2:$E$54,5,0),0) -> 1 | Q62: =CEILING($P62*Assumptions!$B$4/$D62,1) -> 1 | R62: =CEILING($P62*Assumptions!$B$5/$D62,1) -> 10 | S62: =CEILING($P62*Assumptions!$B$6/$D62,1) -> 100 | T62: =IF(ISNUMBER($E62),IF(AND(ISNUMBER($I62),ISNUMBER($H62)),IF($H62<=$Q62,$I62,IF(AND(ISNUMBER($G62),ISNUMBER($F62)),IF($F62<=$Q62,$G62,$E62),$E62)),IF(AND(ISNUMBER($G62),ISNUMBER($F62)),IF($F62<=$Q62,$G62,$E62),$E62))*(1+IF($J62="Y",0,Assumptions!$B$3)),"") -> 0.0671 | U62: =IF(ISNUMBER($E62),IF(AND(ISNUMBER($I62),ISNUMBER($H62)),IF($H62<=$R62,$I62,IF(AND(ISNUMBER($G62),ISNUMBER($F62)),IF($F62<=$R62,$G62,$E62),$E62)),IF(AND(ISNUMBER($G62),ISNUMBER($F62)),IF($F62<=$R62,$G62,$E62),$E62))*(1+IF($J62="Y",0,Assumptions!$B$3)),"") -> 0.0671 | V62: =IF(ISNUMBER($E62),IF(AND(ISNUMBER($I62),ISNUMBER($H62)),IF($H62<=$S62,$I62,IF(AND(ISNUMBER($G62),ISNUMBER($F62)),IF($F62<=$S62,$G62,$E62),$E62)),IF(AND(ISNUMBER($G62),ISNUMBER($F62)),IF($F62<=$S62,$G62,$E62),$E62))*(1+IF($J62="Y",0,Assumptions!$B$3)),"") -> 0.044 | W62: =IF(ISNUMBER($T62),$Q62*$T62/Assumptions!$B$4,"") -> 0.0671 | X62: =IF(ISNUMBER($U62),$R62*$U62/Assumptions!$B$5,"") -> 0.0671 | Y62: =IF(ISNUMBER($V62),$S62*$V62/Assumptions!$B$6,"") -> 0.044 | Z62: =$A62&"|"&IF(ISNUMBER($W62),TEXT($W62,"0.0000"),"x")&"|"&$L62 -> R100k|0.0671|Y | AA62: =$A62&"|"&IF(ISNUMBER($Y62),TEXT($Y62,"0.0000"),"x")&"|"&$L62 -> R100k|0.0440|Y
A63: R470 | B63: Mouser Australia | C63: MFR-25FBF52-470R (603-MFR-25FBF52-470R) | D63: 1 | E63: 0.16 | F63: 10 | G63: 0.064 | H63: 100 | I63: 0.042 | J63: N | K63: 5864 (+10000 due 28/12/2026) | L63: Y | M63: 2026-10-25 | N63: https://au.mouser.com/c/?q=MFR-25FBF52-470R | O63: Mouser page states no GST treatment; treated as ex GST. Yageo 1/4 W 1% metal film, bulk. | P63: =IFERROR(VLOOKUP($A63,BOM!$A$2:$E$54,5,0),0) -> 10 | Q63: =CEILING($P63*Assumptions!$B$4/$D63,1) -> 10 | R63: =CEILING($P63*Assumptions!$B$5/$D63,1) -> 100 | S63: =CEILING($P63*Assumptions!$B$6/$D63,1) -> 1000 | T63: =IF(ISNUMBER($E63),IF(AND(ISNUMBER($I63),ISNUMBER($H63)),IF($H63<=$Q63,$I63,IF(AND(ISNUMBER($G63),ISNUMBER($F63)),IF($F63<=$Q63,$G63,$E63),$E63)),IF(AND(ISNUMBER($G63),ISNUMBER($F63)),IF($F63<=$Q63,$G63,$E63),$E63))*(1+IF($J63="Y",0,Assumptions!$B$3)),"") -> 0.0704 | U63: =IF(ISNUMBER($E63),IF(AND(ISNUMBER($I63),ISNUMBER($H63)),IF($H63<=$R63,$I63,IF(AND(ISNUMBER($G63),ISNUMBER($F63)),IF($F63<=$R63,$G63,$E63),$E63)),IF(AND(ISNUMBER($G63),ISNUMBER($F63)),IF($F63<=$R63,$G63,$E63),$E63))*(1+IF($J63="Y",0,Assumptions!$B$3)),"") -> 0.0462 | V63: =IF(ISNUMBER($E63),IF(AND(ISNUMBER($I63),ISNUMBER($H63)),IF($H63<=$S63,$I63,IF(AND(ISNUMBER($G63),ISNUMBER($F63)),IF($F63<=$S63,$G63,$E63),$E63)),IF(AND(ISNUMBER($G63),ISNUMBER($F63)),IF($F63<=$S63,$G63,$E63),$E63))*(1+IF($J63="Y",0,Assumptions!$B$3)),"") -> 0.0462 | W63: =IF(ISNUMBER($T63),$Q63*$T63/Assumptions!$B$4,"") -> 0.704 | X63: =IF(ISNUMBER($U63),$R63*$U63/Assumptions!$B$5,"") -> 0.462 | Y63: =IF(ISNUMBER($V63),$S63*$V63/Assumptions!$B$6,"") -> 0.462 | Z63: =$A63&"|"&IF(ISNUMBER($W63),TEXT($W63,"0.0000"),"x")&"|"&$L63 -> R470|0.7040|Y | AA63: =$A63&"|"&IF(ISNUMBER($Y63),TEXT($Y63,"0.0000"),"x")&"|"&$L63 -> R470|0.4620|Y
A64: R470 | B64: element14 Australia | C64: MFR-25FTE52-470R (order code 4553244) | D64: 1 | E64: 0.147 | F64: 25 | G64: 0.048 | H64: 100 | I64: 0.042 | J64: N | K64: in stock (qty not shown) | L64: Y | M64: 2026-10-25 | N64: https://au.element14.com/w/search?st=MFR-25FTE52-470R | O64: element14 shows ex GST with incl-GST in brackets; ex-GST figures recorded. Yageo 470R 0.25 W 1%, cut tape. No 10 break; 25+. Order code 3496932 (same MPN) 10+ 0.061, 100+ 0.040. | P64: =IFERROR(VLOOKUP($A64,BOM!$A$2:$E$54,5,0),0) -> 10 | Q64: =CEILING($P64*Assumptions!$B$4/$D64,1) -> 10 | R64: =CEILING($P64*Assumptions!$B$5/$D64,1) -> 100 | S64: =CEILING($P64*Assumptions!$B$6/$D64,1) -> 1000 | T64: =IF(ISNUMBER($E64),IF(AND(ISNUMBER($I64),ISNUMBER($H64)),IF($H64<=$Q64,$I64,IF(AND(ISNUMBER($G64),ISNUMBER($F64)),IF($F64<=$Q64,$G64,$E64),$E64)),IF(AND(ISNUMBER($G64),ISNUMBER($F64)),IF($F64<=$Q64,$G64,$E64),$E64))*(1+IF($J64="Y",0,Assumptions!$B$3)),"") -> 0.1617 | U64: =IF(ISNUMBER($E64),IF(AND(ISNUMBER($I64),ISNUMBER($H64)),IF($H64<=$R64,$I64,IF(AND(ISNUMBER($G64),ISNUMBER($F64)),IF($F64<=$R64,$G64,$E64),$E64)),IF(AND(ISNUMBER($G64),ISNUMBER($F64)),IF($F64<=$R64,$G64,$E64),$E64))*(1+IF($J64="Y",0,Assumptions!$B$3)),"") -> 0.0462 | V64: =IF(ISNUMBER($E64),IF(AND(ISNUMBER($I64),ISNUMBER($H64)),IF($H64<=$S64,$I64,IF(AND(ISNUMBER($G64),ISNUMBER($F64)),IF($F64<=$S64,$G64,$E64),$E64)),IF(AND(ISNUMBER($G64),ISNUMBER($F64)),IF($F64<=$S64,$G64,$E64),$E64))*(1+IF($J64="Y",0,Assumptions!$B$3)),"") -> 0.0462 | W64: =IF(ISNUMBER($T64),$Q64*$T64/Assumptions!$B$4,"") -> 1.617 | X64: =IF(ISNUMBER($U64),$R64*$U64/Assumptions!$B$5,"") -> 0.462 | Y64: =IF(ISNUMBER($V64),$S64*$V64/Assumptions!$B$6,"") -> 0.462 | Z64: =$A64&"|"&IF(ISNUMBER($W64),TEXT($W64,"0.0000"),"x")&"|"&$L64 -> R470|1.6170|Y | AA64: =$A64&"|"&IF(ISNUMBER($Y64),TEXT($Y64,"0.0000"),"x")&"|"&$L64 -> R470|0.4620|Y
A65: RN8 | B65: Mouser Australia | C65: 4609X-101-103LF (652-4609X-1LF-10K) | D65: 1 | E65: 0.566 | F65: 10 | G65: 0.361 | H65: 100 | I65: 0.209 | J65: N | K65: 64055 | L65: Y | M65: 2026-10-25 | N65: https://au.mouser.com/c/?q=4609X-101-103LF | O65: Mouser page states no GST treatment; treated as ex GST. Bourns SIP-9 bussed 8x10k, bulk. | P65: =IFERROR(VLOOKUP($A65,BOM!$A$2:$E$54,5,0),0) -> 4 | Q65: =CEILING($P65*Assumptions!$B$4/$D65,1) -> 4 | R65: =CEILING($P65*Assumptions!$B$5/$D65,1) -> 40 | S65: =CEILING($P65*Assumptions!$B$6/$D65,1) -> 400 | T65: =IF(ISNUMBER($E65),IF(AND(ISNUMBER($I65),ISNUMBER($H65)),IF($H65<=$Q65,$I65,IF(AND(ISNUMBER($G65),ISNUMBER($F65)),IF($F65<=$Q65,$G65,$E65),$E65)),IF(AND(ISNUMBER($G65),ISNUMBER($F65)),IF($F65<=$Q65,$G65,$E65),$E65))*(1+IF($J65="Y",0,Assumptions!$B$3)),"") -> 0.6226 | U65: =IF(ISNUMBER($E65),IF(AND(ISNUMBER($I65),ISNUMBER($H65)),IF($H65<=$R65,$I65,IF(AND(ISNUMBER($G65),ISNUMBER($F65)),IF($F65<=$R65,$G65,$E65),$E65)),IF(AND(ISNUMBER($G65),ISNUMBER($F65)),IF($F65<=$R65,$G65,$E65),$E65))*(1+IF($J65="Y",0,Assumptions!$B$3)),"") -> 0.3971 | V65: =IF(ISNUMBER($E65),IF(AND(ISNUMBER($I65),ISNUMBER($H65)),IF($H65<=$S65,$I65,IF(AND(ISNUMBER($G65),ISNUMBER($F65)),IF($F65<=$S65,$G65,$E65),$E65)),IF(AND(ISNUMBER($G65),ISNUMBER($F65)),IF($F65<=$S65,$G65,$E65),$E65))*(1+IF($J65="Y",0,Assumptions!$B$3)),"") -> 0.2299 | W65: =IF(ISNUMBER($T65),$Q65*$T65/Assumptions!$B$4,"") -> 2.4904 | X65: =IF(ISNUMBER($U65),$R65*$U65/Assumptions!$B$5,"") -> 1.5884 | Y65: =IF(ISNUMBER($V65),$S65*$V65/Assumptions!$B$6,"") -> 0.9196 | Z65: =$A65&"|"&IF(ISNUMBER($W65),TEXT($W65,"0.0000"),"x")&"|"&$L65 -> RN8|2.4904|Y | AA65: =$A65&"|"&IF(ISNUMBER($Y65),TEXT($Y65,"0.0000"),"x")&"|"&$L65 -> RN8|0.9196|Y
... A73: C02 | B73: Core Electronics | C73: CE05268 | D73: 1 | E73: 0.29 | F73: 10 | G73: 0.28 | H73: 25 | I73: 0.27 | J73: N | K73: 2 local + lead time | L73: Y | M73: 2026-10-24 | N73: https://core-electronics.com.au/radial-capacitor-1uf.html | O73: 1 uF 50 V radial electrolytic. $0.32 inc GST. Core Electronics: q1 and breaks recorded ex GST (page shows q1 inc GST as well). | P73: =IFERROR(VLOOKUP($A73,BOM!$A$2:$E$54,5,0),0) -> 2 | Q73: =CEILING($P73*Assumptions!$B$4/$D73,1) -> 2 | R73: =CEILING($P73*Assumptions!$B$5/$D73,1) -> 20 | S73: =CEILING($P73*Assumptions!$B$6/$D73,1) -> 200 | T73: =IF(ISNUMBER($E73),IF(AND(ISNUMBER($I73),ISNUMBER($H73)),IF($H73<=$Q73,$I73,IF(AND(ISNUMBER($G73),ISNUMBER($F73)),IF($F73<=$Q73,$G73,$E73),$E73)),IF(AND(ISNUMBER($G73),ISNUMBER($F73)),IF($F73<=$Q73,$G73,$E73),$E73))*(1+IF($J73="Y",0,Assumptions!$B$3)),"") -> 0.319 | U73: =IF(ISNUMBER($E73),IF(AND(ISNUMBER($I73),ISNUMBER($H73)),IF($H73<=$R73,$I73,IF(AND(ISNUMBER($G73),ISNUMBER($F73)),IF($F73<=$R73,$G73,$E73),$E73)),IF(AND(ISNUMBER($G73),ISNUMBER($F73)),IF($F73<=$R73,$G73,$E73),$E73))*(1+IF($J73="Y",0,Assumptions!$B$3)),"") -> 0.308 | V73: =IF(ISNUMBER($E73),IF(AND(ISNUMBER($I73),ISNUMBER($H73)),IF($H73<=$S73,$I73,IF(AND(ISNUMBER($G73),ISNUMBER($F73)),IF($F73<=$S73,$G73,$E73),$E73)),IF(AND(ISNUMBER($G73),ISNUMBER($F73)),IF($F73<=$S73,$G73,$E73),$E73))*(1+IF($J73="Y",0,Assumptions!$B$3)),"") -> 0.297 | W73: =IF(ISNUMBER($T73),$Q73*$T73/Assumptions!$B$4,"") -> 0.638 | X73: =IF(ISNUMBER($U73),$R73*$U73/Assumptions!$B$5,"") -> 0.616 | Y73: =IF(ISNUMBER($V73),$S73*$V73/Assumptions!$B$6,"") -> 0.594 | Z73: =$A73&"|"&IF(ISNUMBER($W73),TEXT($W73,"0.0000"),"x")&"|"&$L73 -> C02|0.6380|Y | AA73: =$A73&"|"&IF(ISNUMBER($Y73),TEXT($Y73,"0.0000"),"x")&"|"&$L73 -> C02|0.5940|Y
A74: C02 | B74: Jaycar | C74: RE6032 | D74: 1 | E74: 0.3 | J74: Y | K74: not shown (store select) | L74: Y | M74: 2026-10-24 | N74: https://jaycar.com.au/p/RE6032 | O74: 1 uF 63 V electrolytic RB. Jaycar page price; GST not stated on page (retail shelf price, treated as incl. GST). Stock needs store selection; bulk tiers not shown. | P74: =IFERROR(VLOOKUP($A74,BOM!$A$2:$E$54,5,0),0) -> 2 | Q74: =CEILING($P74*Assumptions!$B$4/$D74,1) -> 2 | R74: =CEILING($P74*Assumptions!$B$5/$D74,1) -> 20 | S74: =CEILING($P74*Assumptions!$B$6/$D74,1) -> 200 | T74: =IF(ISNUMBER($E74),IF(AND(ISNUMBER($I74),ISNUMBER($H74)),IF($H74<=$Q74,$I74,IF(AND(ISNUMBER($G74),ISNUMBER($F74)),IF($F74<=$Q74,$G74,$E74),$E74)),IF(AND(ISNUMBER($G74),ISNUMBER($F74)),IF($F74<=$Q74,$G74,$E74),$E74))*(1+IF($J74="Y",0,Assumptions!$B$3)),"") -> 0.3 | U74: =IF(ISNUMBER($E74),IF(AND(ISNUMBER($I74),ISNUMBER($H74)),IF($H74<=$R74,$I74,IF(AND(ISNUMBER($G74),ISNUMBER($F74)),IF($F74<=$R74,$G74,$E74),$E74)),IF(AND(ISNUMBER($G74),ISNUMBER($F74)),IF($F74<=$R74,$G74,$E74),$E74))*(1+IF($J74="Y",0,Assumptions!$B$3)),"") -> 0.3 | V74: =IF(ISNUMBER($E74),IF(AND(ISNUMBER($I74),ISNUMBER($H74)),IF($H74<=$S74,$I74,IF(AND(ISNUMBER($G74),ISNUMBER($F74)),IF($F74<=$S74,$G74,$E74),$E74)),IF(AND(ISNUMBER($G74),ISNUMBER($F74)),IF($F74<=$S74,$G74,$E74),$E74))*(1+IF($J74="Y",0,Assumptions!$B$3)),"") -> 0.3 | W74: =IF(ISNUMBER($T74),$Q74*$T74/Assumptions!$B$4,"") -> 0.6 | X74: =IF(ISNUMBER($U74),$R74*$U74/Assumptions!$B$5,"") -> 0.6 | Y74: =IF(ISNUMBER($V74),$S74*$V74/Assumptions!$B$6,"") -> 0.6 | Z74: =$A74&"|"&IF(ISNUMBER($W74),TEXT($W74,"0.0000"),"x")&"|"&$L74 -> C02|0.6000|Y | AA74: =$A74&"|"&IF(ISNUMBER($Y74),TEXT($Y74,"0.0000"),"x")&"|"&$L74 -> C02|0.6000|Y
A75: C10u | B75: Core Electronics | C75: SparkFun COM-00523 | D75: 1 | E75: 0.85 | F75: 5 | G75: 0.83 | H75: 100 | I75: 0.78 | J75: N | K75: 12 local, 900 in 5-11 days | L75: Y | M75: 2026-10-25 | N75: https://core-electronics.com.au/electrolytic-decoupling-capacitors-10uf-25v.html | O75: 10 uF 25 V electrolytic. Breaks 5+ 0.83, 25+ 0.81, 100+ 0.78. $0.94 inc GST. Recorded ex GST. | P75: =IFERROR(VLOOKUP($A75,BOM!$A$2:$E$54,5,0),0) -> 16 | Q75: =CEILING($P75*Assumptions!$B$4/$D75,1) -> 16 | R75: =CEILING($P75*Assumptions!$B$5/$D75,1) -> 160 | S75: =CEILING($P75*Assumptions!$B$6/$D75,1) -> 1600 | T75: =IF(ISNUMBER($E75),IF(AND(ISNUMBER($I75),ISNUMBER($H75)),IF($H75<=$Q75,$I75,IF(AND(ISNUMBER($G75),ISNUMBER($F75)),IF($F75<=$Q75,$G75,$E75),$E75)),IF(AND(ISNUMBER($G75),ISNUMBER($F75)),IF($F75<=$Q75,$G75,$E75),$E75))*(1+IF($J75="Y",0,Assumptions!$B$3)),"") -> 0.913 | U75: =IF(ISNUMBER($E75),IF(AND(ISNUMBER($I75),ISNUMBER($H75)),IF($H75<=$R75,$I75,IF(AND(ISNUMBER($G75),ISNUMBER($F75)),IF($F75<=$R75,$G75,$E75),$E75)),IF(AND(ISNUMBER($G75),ISNUMBER($F75)),IF($F75<=$R75,$G75,$E75),$E75))*(1+IF($J75="Y",0,Assumptions!$B$3)),"") -> 0.858 | V75: =IF(ISNUMBER($E75),IF(AND(ISNUMBER($I75),ISNUMBER($H75)),IF($H75<=$S75,$I75,IF(AND(ISNUMBER($G75),ISNUMBER($F75)),IF($F75<=$S75,$G75,$E75),$E75)),IF(AND(ISNUMBER($G75),ISNUMBER($F75)),IF($F75<=$S75,$G75,$E75),$E75))*(1+IF($J75="Y",0,Assumptions!$B$3)),"") -> 0.858 | W75: =IF(ISNUMBER($T75),$Q75*$T75/Assumptions!$B$4,"") -> 14.608 | X75: =IF(ISNUMBER($U75),$R75*$U75/Assumptions!$B$5,"") -> 13.728 | Y75: =IF(ISNUMBER($V75),$S75*$V75/Assumptions!$B$6,"") -> 13.728 | Z75: =$A75&"|"&IF(ISNUMBER($W75),TEXT($W75,"0.0000"),"x")&"|"&$L75 -> C10u|14.6080|Y | AA75: =$A75&"|"&IF(ISNUMBER($Y75),TEXT($Y75,"0.0000"),"x")&"|"&$L75 -> C10u|13.7280|Y
A76: C10u | B76: Jaycar | C76: RE6066 | D76: 1 | E76: 0.3 | J76: Y | K76: not shown (store select) | L76: Y | M76: 2026-10-25 | N76: https://jaycar.com.au/p/RE6066 | O76: 10 uF 16 V electrolytic RB. Bulk tiers not shown. GST not stated (treated as incl.). | P76: =IFERROR(VLOOKUP($A76,BOM!$A$2:$E$54,5,0),0) -> 16 | Q76: =CEILING($P76*Assumptions!$B$4/$D76,1) -> 16 | R76: =CEILING($P76*Assumptions!$B$5/$D76,1) -> 160 | S76: =CEILING($P76*Assumptions!$B$6/$D76,1) -> 1600 | T76: =IF(ISNUMBER($E76),IF(AND(ISNUMBER($I76),ISNUMBER($H76)),IF($H76<=$Q76,$I76,IF(AND(ISNUMBER($G76),ISNUMBER($F76)),IF($F76<=$Q76,$G76,$E76),$E76)),IF(AND(ISNUMBER($G76),ISNUMBER($F76)),IF($F76<=$Q76,$G76,$E76),$E76))*(1+IF($J76="Y",0,Assumptions!$B$3)),"") -> 0.3 | U76: =IF(ISNUMBER($E76),IF(AND(ISNUMBER($I76),ISNUMBER($H76)),IF($H76<=$R76,$I76,IF(AND(ISNUMBER($G76),ISNUMBER($F76)),IF($F76<=$R76,$G76,$E76),$E76)),IF(AND(ISNUMBER($G76),ISNUMBER($F76)),IF($F76<=$R76,$G76,$E76),$E76))*(1+IF($J76="Y",0,Assumptions!$B$3)),"") -> 0.3 | V76: =IF(ISNUMBER($E76),IF(AND(ISNUMBER($I76),ISNUMBER($H76)),IF($H76<=$S76,$I76,IF(AND(ISNUMBER($G76),ISNUMBER($F76)),IF($F76<=$S76,$G76,$E76),$E76)),IF(AND(ISNUMBER($G76),ISNUMBER($F76)),IF($F76<=$S76,$G76,$E76),$E76))*(1+IF($J76="Y",0,Assumptions!$B$3)),"") -> 0.3 | W76: =IF(ISNUMBER($T76),$Q76*$T76/Assumptions!$B$4,"") -> 4.8 | X76: =IF(ISNUMBER($U76),$R76*$U76/Assumptions!$B$5,"") -> 4.8 | Y76: =IF(ISNUMBER($V76),$S76*$V76/Assumptions!$B$6,"") -> 4.8 | Z76: =$A76&"|"&IF(ISNUMBER($W76),TEXT($W76,"0.0000"),"x")&"|"&$L76 -> C10u|4.8000|Y | AA76: =$A76&"|"&IF(ISNUMBER($Y76),TEXT($Y76,"0.0000"),"x")&"|"&$L76 -> C10u|4.8000|Y
A77: C100u | B77: Core Electronics | C77: CE05258 | D77: 1 | E77: 0.25 | F77: 10 | G77: 0.25 | H77: 25 | I77: 0.24 | J77: N | K77: 43 local | L77: Y | M77: 2026-10-25 | N77: https://core-electronics.com.au/radial-capacitor-100uf.html | O77: 100 uF 50 V radial electrolytic. $0.28 inc GST. Recorded ex GST. | P77: =IFERROR(VLOOKUP($A77,BOM!$A$2:$E$54,5,0),0) -> 1 | Q77: =CEILING($P77*Assumptions!$B$4/$D77,1) -> 1 | R77: =CEILING($P77*Assumptions!$B$5/$D77,1) -> 10 | S77: =CEILING($P77*Assumptions!$B$6/$D77,1) -> 100 | T77: =IF(ISNUMBER($E77),IF(AND(ISNUMBER($I77),ISNUMBER($H77)),IF($H77<=$Q77,$I77,IF(AND(ISNUMBER($G77),ISNUMBER($F77)),IF($F77<=$Q77,$G77,$E77),$E77)),IF(AND(ISNUMBER($G77),ISNUMBER($F77)),IF($F77<=$Q77,$G77,$E77),$E77))*(1+IF($J77="Y",0,Assumptions!$B$3)),"") -> 0.275 | U77: =IF(ISNUMBER($E77),IF(AND(ISNUMBER($I77),ISNUMBER($H77)),IF($H77<=$R77,$I77,IF(AND(ISNUMBER($G77),ISNUMBER($F77)),IF($F77<=$R77,$G77,$E77),$E77)),IF(AND(ISNUMBER($G77),ISNUMBER($F77)),IF($F77<=$R77,$G77,$E77),$E77))*(1+IF($J77="Y",0,Assumptions!$B$3)),"") -> 0.275 | V77: =IF(ISNUMBER($E77),IF(AND(ISNUMBER($I77),ISNUMBER($H77)),IF($H77<=$S77,$I77,IF(AND(ISNUMBER($G77),ISNUMBER($F77)),IF($F77<=$S77,$G77,$E77),$E77)),IF(AND(ISNUMBER($G77),ISNUMBER($F77)),IF($F77<=$S77,$G77,$E77),$E77))*(1+IF($J77="Y",0,Assumptions!$B$3)),"") -> 0.264 | W77: =IF(ISNUMBER($T77),$Q77*$T77/Assumptions!$B$4,"") -> 0.275 | X77: =IF(ISNUMBER($U77),$R77*$U77/Assumptions!$B$5,"") -> 0.275 | Y77: =IF(ISNUMBER($V77),$S77*$V77/Assumptions!$B$6,"") -> 0.264 | Z77: =$A77&"|"&IF(ISNUMBER($W77),TEXT($W77,"0.0000"),"x")&"|"&$L77 -> C100u|0.2750|Y | AA77: =$A77&"|"&IF(ISNUMBER($Y77),TEXT($Y77,"0.0000"),"x")&"|"&$L77 -> C100u|0.2640|Y
A78: C100u | B78: Jaycar | C78: RE6130 | D78: 1 | E78: 0.35 | J78: Y | K78: not shown (store select) | L78: Y | M78: 2026-10-25 | N78: https://jaycar.com.au/p/RE6130 | O78: 100 uF 16 V electrolytic RB. GST not stated (treated as incl.). | P78: =IFERROR(VLOOKUP($A78,BOM!$A$2:$E$54,5,0),0) -> 1 | Q78: =CEILING($P78*Assumptions!$B$4/$D78,1) -> 1 | R78: =CEILING($P78*Assumptions!$B$5/$D78,1) -> 10 | S78: =CEILING($P78*Assumptions!$B$6/$D78,1) -> 100 | T78: =IF(ISNUMBER($E78),IF(AND(ISNUMBER($I78),ISNUMBER($H78)),IF($H78<=$Q78,$I78,IF(AND(ISNUMBER($G78),ISNUMBER($F78)),IF($F78<=$Q78,$G78,$E78),$E78)),IF(AND(ISNUMBER($G78),ISNUMBER($F78)),IF($F78<=$Q78,$G78,$E78),$E78))*(1+IF($J78="Y",0,Assumptions!$B$3)),"") -> 0.35 | U78: =IF(ISNUMBER($E78),IF(AND(ISNUMBER($I78),ISNUMBER($H78)),IF($H78<=$R78,$I78,IF(AND(ISNUMBER($G78),ISNUMBER($F78)),IF($F78<=$R78,$G78,$E78),$E78)),IF(AND(ISNUMBER($G78),ISNUMBER($F78)),IF($F78<=$R78,$G78,$E78),$E78))*(1+IF($J78="Y",0,Assumptions!$B$3)),"") -> 0.35 | V78: =IF(ISNUMBER($E78),IF(AND(ISNUMBER($I78),ISNUMBER($H78)),IF($H78<=$S78,$I78,IF(AND(ISNUMBER($G78),ISNUMBER($F78)),IF($F78<=$S78,$G78,$E78),$E78)),IF(AND(ISNUMBER($G78),ISNUMBER($F78)),IF($F78<=$S78,$G78,$E78),$E78))*(1+IF($J78="Y",0,Assumptions!$B$3)),"") -> 0.35 | W78: =IF(ISNUMBER($T78),$Q78*$T78/Assumptions!$B$4,"") -> 0.35 | X78: =IF(ISNUMBER($U78),$R78*$U78/Assumptions!$B$5,"") -> 0.35 | Y78: =IF(ISNUMBER($V78),$S78*$V78/Assumptions!$B$6,"") -> 0.35 | Z78: =$A78&"|"&IF(ISNUMBER($W78),TEXT($W78,"0.0000"),"x")&"|"&$L78 -> C100u|0.3500|Y | AA78: =$A78&"|"&IF(ISNUMBER($Y78),TEXT($Y78,"0.0000"),"x")&"|"&$L78 -> C100u|0.3500|Y
A79: VR1 | B79: Altronics | C79: R2230 | D79: 1 | E79: 2.9 | F79: 10 | G79: 2.35 | J79: Y | K79: not shown | L79: Y | M79: 2026-10-24 | N79: https://www.altronics.com.au/search/all/?sr=R2230 | O79: 1M Lin 18T spline 16 mm single horizontal PCB pot. Breaks 10+ $2.35, 20+ $2.00. Page states all prices incl GST. URL is the Altronics search result page (product page URL not given). | P79: =IFERROR(VLOOKUP($A79,BOM!$A$2:$E$54,5,0),0) -> 1 | Q79: =CEILING($P79*Assumptions!$B$4/$D79,1) -> 1 | R79: =CEILING($P79*Assumptions!$B$5/$D79,1) -> 10 | S79: =CEILING($P79*Assumptions!$B$6/$D79,1) -> 100 | T79: =IF(ISNUMBER($E79),IF(AND(ISNUMBER($I79),ISNUMBER($H79)),IF($H79<=$Q79,$I79,IF(AND(ISNUMBER($G79),ISNUMBER($F79)),IF($F79<=$Q79,$G79,$E79),$E79)),IF(AND(ISNUMBER($G79),ISNUMBER($F79)),IF($F79<=$Q79,$G79,$E79),$E79))*(1+IF($J79="Y",0,Assumptions!$B$3)),"") -> 2.9 | U79: =IF(ISNUMBER($E79),IF(AND(ISNUMBER($I79),ISNUMBER($H79)),IF($H79<=$R79,$I79,IF(AND(ISNUMBER($G79),ISNUMBER($F79)),IF($F79<=$R79,$G79,$E79),$E79)),IF(AND(ISNUMBER($G79),ISNUMBER($F79)),IF($F79<=$R79,$G79,$E79),$E79))*(1+IF($J79="Y",0,Assumptions!$B$3)),"") -> 2.35 | V79: =IF(ISNUMBER($E79),IF(AND(ISNUMBER($I79),ISNUMBER($H79)),IF($H79<=$S79,$I79,IF(AND(ISNUMBER($G79),ISNUMBER($F79)),IF($F79<=$S79,$G79,$E79),$E79)),IF(AND(ISNUMBER($G79),ISNUMBER($F79)),IF($F79<=$S79,$G79,$E79),$E79))*(1+IF($J79="Y",0,Assumptions!$B$3)),"") -> 2.35 | W79: =IF(ISNUMBER($T79),$Q79*$T79/Assumptions!$B$4,"") -> 2.9 | X79: =IF(ISNUMBER($U79),$R79*$U79/Assumptions!$B$5,"") -> 2.35 | Y79: =IF(ISNUMBER($V79),$S79*$V79/Assumptions!$B$6,"") -> 2.35 | Z79: =$A79&"|"&IF(ISNUMBER($W79),TEXT($W79,"0.0000"),"x")&"|"&$L79 -> VR1|2.9000|Y | AA79: =$A79&"|"&IF(ISNUMBER($Y79),TEXT($Y79,"0.0000"),"x")&"|"&$L79 -> VR1|2.3500|Y
A80: VR1 | B80: Jaycar | C80: RP7524 | D80: 1 | E80: 3.95 | J80: Y | K80: not shown (store select) | L80: Y | M80: 2026-10-24 | N80: https://jaycar.com.au/1m-ohm-linear-b-single-gang-16mm-potentiometer/p/RP7524 | O80: 1M linear 16 mm single gang, solder legs (not PCB pins; needs leads for breadboard). Jaycar page price; GST not stated on page (retail shelf price, treated as incl. GST). Stock needs store selection; bulk tiers not shown. | P80: =IFERROR(VLOOKUP($A80,BOM!$A$2:$E$54,5,0),0) -> 1 | Q80: =CEILING($P80*Assumptions!$B$4/$D80,1) -> 1 | R80: =CEILING($P80*Assumptions!$B$5/$D80,1) -> 10 | S80: =CEILING($P80*Assumptions!$B$6/$D80,1) -> 100 | T80: =IF(ISNUMBER($E80),IF(AND(ISNUMBER($I80),ISNUMBER($H80)),IF($H80<=$Q80,$I80,IF(AND(ISNUMBER($G80),ISNUMBER($F80)),IF($F80<=$Q80,$G80,$E80),$E80)),IF(AND(ISNUMBER($G80),ISNUMBER($F80)),IF($F80<=$Q80,$G80,$E80),$E80))*(1+IF($J80="Y",0,Assumptions!$B$3)),"") -> 3.95 | U80: =IF(ISNUMBER($E80),IF(AND(ISNUMBER($I80),ISNUMBER($H80)),IF($H80<=$R80,$I80,IF(AND(ISNUMBER($G80),ISNUMBER($F80)),IF($F80<=$R80,$G80,$E80),$E80)),IF(AND(ISNUMBER($G80),ISNUMBER($F80)),IF($F80<=$R80,$G80,$E80),$E80))*(1+IF($J80="Y",0,Assumptions!$B$3)),"") -> 3.95 | V80: =IF(ISNUMBER($E80),IF(AND(ISNUMBER($I80),ISNUMBER($H80)),IF($H80<=$S80,$I80,IF(AND(ISNUMBER($G80),ISNUMBER($F80)),IF($F80<=$S80,$G80,$E80),$E80)),IF(AND(ISNUMBER($G80),ISNUMBER($F80)),IF($F80<=$S80,$G80,$E80),$E80))*(1+IF($J80="Y",0,Assumptions!$B$3)),"") -> 3.95 | W80: =IF(ISNUMBER($T80),$Q80*$T80/Assumptions!$B$4,"") -> 3.95 | X80: =IF(ISNUMBER($U80),$R80*$U80/Assumptions!$B$5,"") -> 3.95 | Y80: =IF(ISNUMBER($V80),$S80*$V80/Assumptions!$B$6,"") -> 3.95 | Z80: =$A80&"|"&IF(ISNUMBER($W80),TEXT($W80,"0.0000"),"x")&"|"&$L80 -> VR1|3.9500|Y | AA80: =$A80&"|"&IF(ISNUMBER($Y80),TEXT($Y80,"0.0000"),"x")&"|"&$L80 -> VR1|3.9500|Y
A81: JP3 | B81: Core Electronics | C81: CE07828 1x40 header + FIT0140 jumper caps (600) | D81: 1 | E81: 8.94 | J81: Y | K81: header 2061 local; jumper caps 5 local | L81: Y | M81: 2026-10-25 | N81: https://core-electronics.com.au/male-pin-header-2-54mm-1x40.html | O81: Header 1x40 $0.45 (cut 13 x 3-pin per strip) plus DFRobot 600-pc jumper cap pack $8.49 (https://core-electronics.com.au/jumper-cap-600pcs.html); price_q1 = sum of one each. No breaks. Per kit cost much lower when split across kits. | P81: =IFERROR(VLOOKUP($A81,BOM!$A$2:$E$54,5,0),0) -> 1 | Q81: =CEILING($P81*Assumptions!$B$4/$D81,1) -> 1 | R81: =CEILING($P81*Assumptions!$B$5/$D81,1) -> 10 | S81: =CEILING($P81*Assumptions!$B$6/$D81,1) -> 100 | T81: =IF(ISNUMBER($E81),IF(AND(ISNUMBER($I81),ISNUMBER($H81)),IF($H81<=$Q81,$I81,IF(AND(ISNUMBER($G81),ISNUMBER($F81)),IF($F81<=$Q81,$G81,$E81),$E81)),IF(AND(ISNUMBER($G81),ISNUMBER($F81)),IF($F81<=$Q81,$G81,$E81),$E81))*(1+IF($J81="Y",0,Assumptions!$B$3)),"") -> 8.94 | U81: =IF(ISNUMBER($E81),IF(AND(ISNUMBER($I81),ISNUMBER($H81)),IF($H81<=$R81,$I81,IF(AND(ISNUMBER($G81),ISNUMBER($F81)),IF($F81<=$R81,$G81,$E81),$E81)),IF(AND(ISNUMBER($G81),ISNUMBER($F81)),IF($F81<=$R81,$G81,$E81),$E81))*(1+IF($J81="Y",0,Assumptions!$B$3)),"") -> 8.94 | V81: =IF(ISNUMBER($E81),IF(AND(ISNUMBER($I81),ISNUMBER($H81)),IF($H81<=$S81,$I81,IF(AND(ISNUMBER($G81),ISNUMBER($F81)),IF($F81<=$S81,$G81,$E81),$E81)),IF(AND(ISNUMBER($G81),ISNUMBER($F81)),IF($F81<=$S81,$G81,$E81),$E81))*(1+IF($J81="Y",0,Assumptions!$B$3)),"") -> 8.94 | W81: =IF(ISNUMBER($T81),$Q81*$T81/Assumptions!$B$4,"") -> 8.94 | X81: =IF(ISNUMBER($U81),$R81*$U81/Assumptions!$B$5,"") -> 8.94 | Y81: =IF(ISNUMBER($V81),$S81*$V81/Assumptions!$B$6,"") -> 8.94 | Z81: =$A81&"|"&IF(ISNUMBER($W81),TEXT($W81,"0.0000"),"x")&"|"&$L81 -> JP3|8.9400|Y | AA81: =$A81&"|"&IF(ISNUMBER($Y81),TEXT($Y81,"0.0000"),"x")&"|"&$L81 -> JP3|8.9400|Y
A82: JP3 | B82: Mouser Australia | C82: 68000-103HLF + 63429-202LF | D82: 1 | E82: 0.943 | F82: 10 | G82: 0.815 | H82: 100 | I82: 0.65 | J82: N | K82: header 17939; shunt 11721 | L82: Y | M82: 2026-10-25 | N82: https://au.mouser.com/ProductDetail/649-68000-103HLF | O82: Mouser page states no GST treatment; treated as ex GST. Sum of Amphenol FCI 3-pin 2.54 mm header 68000-103HLF (0.493/0.418/0.345) and 2-pos shunt 63429-202LF (0.45/0.397/0.305, https://au.mouser.com/ProductDetail/649-63429-202LF). | P82: =IFERROR(VLOOKUP($A82,BOM!$A$2:$E$54,5,0),0) -> 1 | Q82: =CEILING($P82*Assumptions!$B$4/$D82,1) -> 1 | R82: =CEILING($P82*Assumptions!$B$5/$D82,1) -> 10 | S82: =CEILING($P82*Assumptions!$B$6/$D82,1) -> 100 | T82: =IF(ISNUMBER($E82),IF(AND(ISNUMBER($I82),ISNUMBER($H82)),IF($H82<=$Q82,$I82,IF(AND(ISNUMBER($G82),ISNUMBER($F82)),IF($F82<=$Q82,$G82,$E82),$E82)),IF(AND(ISNUMBER($G82),ISNUMBER($F82)),IF($F82<=$Q82,$G82,$E82),$E82))*(1+IF($J82="Y",0,Assumptions!$B$3)),"") -> 1.0373 | U82: =IF(ISNUMBER($E82),IF(AND(ISNUMBER($I82),ISNUMBER($H82)),IF($H82<=$R82,$I82,IF(AND(ISNUMBER($G82),ISNUMBER($F82)),IF($F82<=$R82,$G82,$E82),$E82)),IF(AND(ISNUMBER($G82),ISNUMBER($F82)),IF($F82<=$R82,$G82,$E82),$E82))*(1+IF($J82="Y",0,Assumptions!$B$3)),"") -> 0.8965 | V82: =IF(ISNUMBER($E82),IF(AND(ISNUMBER($I82),ISNUMBER($H82)),IF($H82<=$S82,$I82,IF(AND(ISNUMBER($G82),ISNUMBER($F82)),IF($F82<=$S82,$G82,$E82),$E82)),IF(AND(ISNUMBER($G82),ISNUMBER($F82)),IF($F82<=$S82,$G82,$E82),$E82))*(1+IF($J82="Y",0,Assumptions!$B$3)),"") -> 0.715 | W82: =IF(ISNUMBER($T82),$Q82*$T82/Assumptions!$B$4,"") -> 1.0373 | X82: =IF(ISNUMBER($U82),$R82*$U82/Assumptions!$B$5,"") -> 0.8965 | Y82: =IF(ISNUMBER($V82),$S82*$V82/Assumptions!$B$6,"") -> 0.715 | Z82: =$A82&"|"&IF(ISNUMBER($W82),TEXT($W82,"0.0000"),"x")&"|"&$L82 -> JP3|1.0373|Y | AA82: =$A82&"|"&IF(ISNUMBER($Y82),TEXT($Y82,"0.0000"),"x")&"|"&$L82 -> JP3|0.7150|Y
A83: SW1 | B83: Core Electronics | C83: ADA367 | D83: 20 | E83: 4.45 | F83: 10 | G83: 4.32 | H83: 50 | I83: 4.24 | J83: N | K83: 5 local, up to 85 in 10-14 days | L83: Y | M83: 2026-10-24 | N83: https://core-electronics.com.au/tactile-button-switch-6mm-x-20-pack.html | O83: Adafruit 6 mm tactile 20-pack, breadboard usable. $4.90 inc GST. Core Electronics: q1 and breaks recorded ex GST (page shows q1 inc GST as well). | P83: =IFERROR(VLOOKUP($A83,BOM!$A$2:$E$54,5,0),0) -> 3 | Q83: =CEILING($P83*Assumptions!$B$4/$D83,1) -> 1 | R83: =CEILING($P83*Assumptions!$B$5/$D83,1) -> 2 | S83: =CEILING($P83*Assumptions!$B$6/$D83,1) -> 15 | T83: =IF(ISNUMBER($E83),IF(AND(ISNUMBER($I83),ISNUMBER($H83)),IF($H83<=$Q83,$I83,IF(AND(ISNUMBER($G83),ISNUMBER($F83)),IF($F83<=$Q83,$G83,$E83),$E83)),IF(AND(ISNUMBER($G83),ISNUMBER($F83)),IF($F83<=$Q83,$G83,$E83),$E83))*(1+IF($J83="Y",0,Assumptions!$B$3)),"") -> 4.895 | U83: =IF(ISNUMBER($E83),IF(AND(ISNUMBER($I83),ISNUMBER($H83)),IF($H83<=$R83,$I83,IF(AND(ISNUMBER($G83),ISNUMBER($F83)),IF($F83<=$R83,$G83,$E83),$E83)),IF(AND(ISNUMBER($G83),ISNUMBER($F83)),IF($F83<=$R83,$G83,$E83),$E83))*(1+IF($J83="Y",0,Assumptions!$B$3)),"") -> 4.895 | V83: =IF(ISNUMBER($E83),IF(AND(ISNUMBER($I83),ISNUMBER($H83)),IF($H83<=$S83,$I83,IF(AND(ISNUMBER($G83),ISNUMBER($F83)),IF($F83<=$S83,$G83,$E83),$E83)),IF(AND(ISNUMBER($G83),ISNUMBER($F83)),IF($F83<=$S83,$G83,$E83),$E83))*(1+IF($J83="Y",0,Assumptions!$B$3)),"") -> 4.752 | W83: =IF(ISNUMBER($T83),$Q83*$T83/Assumptions!$B$4,"") -> 4.895 | X83: =IF(ISNUMBER($U83),$R83*$U83/Assumptions!$B$5,"") -> 0.979 | Y83: =IF(ISNUMBER($V83),$S83*$V83/Assumptions!$B$6,"") -> 0.7128 | Z83: =$A83&"|"&IF(ISNUMBER($W83),TEXT($W83,"0.0000"),"x")&"|"&$L83 -> SW1|4.8950|Y | AA83: =$A83&"|"&IF(ISNUMBER($Y83),TEXT($Y83,"0.0000"),"x")&"|"&$L83 -> SW1|0.7128|Y
A84: SW1 | B84: Jaycar | C84: SP0603 | D84: 1 | E84: 0.95 | J84: Y | K84: not shown (store select) | L84: Y | M84: 2026-10-24 | N84: https://jaycar.com.au/p/SP0603 | O84: 6 mm SPST micro tactile, PCB pins, 6x6x3.2 mm. Jaycar page price; GST not stated on page (retail shelf price, treated as incl. GST). Stock needs store selection; bulk tiers not shown. | P84: =IFERROR(VLOOKUP($A84,BOM!$A$2:$E$54,5,0),0) -> 3 | Q84: =CEILING($P84*Assumptions!$B$4/$D84,1) -> 3 | R84: =CEILING($P84*Assumptions!$B$5/$D84,1) -> 30 | S84: =CEILING($P84*Assumptions!$B$6/$D84,1) -> 300 | T84: =IF(ISNUMBER($E84),IF(AND(ISNUMBER($I84),ISNUMBER($H84)),IF($H84<=$Q84,$I84,IF(AND(ISNUMBER($G84),ISNUMBER($F84)),IF($F84<=$Q84,$G84,$E84),$E84)),IF(AND(ISNUMBER($G84),ISNUMBER($F84)),IF($F84<=$Q84,$G84,$E84),$E84))*(1+IF($J84="Y",0,Assumptions!$B$3)),"") -> 0.95 | U84: =IF(ISNUMBER($E84),IF(AND(ISNUMBER($I84),ISNUMBER($H84)),IF($H84<=$R84,$I84,IF(AND(ISNUMBER($G84),ISNUMBER($F84)),IF($F84<=$R84,$G84,$E84),$E84)),IF(AND(ISNUMBER($G84),ISNUMBER($F84)),IF($F84<=$R84,$G84,$E84),$E84))*(1+IF($J84="Y",0,Assumptions!$B$3)),"") -> 0.95 | V84: =IF(ISNUMBER($E84),IF(AND(ISNUMBER($I84),ISNUMBER($H84)),IF($H84<=$S84,$I84,IF(AND(ISNUMBER($G84),ISNUMBER($F84)),IF($F84<=$S84,$G84,$E84),$E84)),IF(AND(ISNUMBER($G84),ISNUMBER($F84)),IF($F84<=$S84,$G84,$E84),$E84))*(1+IF($J84="Y",0,Assumptions!$B$3)),"") -> 0.95 | W84: =IF(ISNUMBER($T84),$Q84*$T84/Assumptions!$B$4,"") -> 2.85 | X84: =IF(ISNUMBER($U84),$R84*$U84/Assumptions!$B$5,"") -> 2.85 | Y84: =IF(ISNUMBER($V84),$S84*$V84/Assumptions!$B$6,"") -> 2.85 | Z84: =$A84&"|"&IF(ISNUMBER($W84),TEXT($W84,"0.0000"),"x")&"|"&$L84 -> SW1|2.8500|Y | AA84: =$A84&"|"&IF(ISNUMBER($Y84),TEXT($Y84,"0.0000"),"x")&"|"&$L84 -> SW1|2.8500|Y
A85: SW2 | B85: Core Electronics | C85: ADA805 | D85: 1 | E85: 1.73 | F85: 10 | G85: 1.67 | H85: 50 | I85: 1.64 | J85: N | K85: 39 local, up to 500 in 8-12 days | L85: Y | M85: 2026-10-24 | N85: https://core-electronics.com.au/breadboard-friendly-spdt-slide-switch.html | O85: Adafruit breadboard-friendly SPDT slide switch. $1.90 inc GST. Core Electronics: q1 and breaks recorded ex GST (page shows q1 inc GST as well). | P85: =IFERROR(VLOOKUP($A85,BOM!$A$2:$E$54,5,0),0) -> 2 | Q85: =CEILING($P85*Assumptions!$B$4/$D85,1) -> 2 | R85: =CEILING($P85*Assumptions!$B$5/$D85,1) -> 20 | S85: =CEILING($P85*Assumptions!$B$6/$D85,1) -> 200 | T85: =IF(ISNUMBER($E85),IF(AND(ISNUMBER($I85),ISNUMBER($H85)),IF($H85<=$Q85,$I85,IF(AND(ISNUMBER($G85),ISNUMBER($F85)),IF($F85<=$Q85,$G85,$E85),$E85)),IF(AND(ISNUMBER($G85),ISNUMBER($F85)),IF($F85<=$Q85,$G85,$E85),$E85))*(1+IF($J85="Y",0,Assumptions!$B$3)),"") -> 1.903 | U85: =IF(ISNUMBER($E85),IF(AND(ISNUMBER($I85),ISNUMBER($H85)),IF($H85<=$R85,$I85,IF(AND(ISNUMBER($G85),ISNUMBER($F85)),IF($F85<=$R85,$G85,$E85),$E85)),IF(AND(ISNUMBER($G85),ISNUMBER($F85)),IF($F85<=$R85,$G85,$E85),$E85))*(1+IF($J85="Y",0,Assumptions!$B$3)),"") -> 1.837 | V85: =IF(ISNUMBER($E85),IF(AND(ISNUMBER($I85),ISNUMBER($H85)),IF($H85<=$S85,$I85,IF(AND(ISNUMBER($G85),ISNUMBER($F85)),IF($F85<=$S85,$G85,$E85),$E85)),IF(AND(ISNUMBER($G85),ISNUMBER($F85)),IF($F85<=$S85,$G85,$E85),$E85))*(1+IF($J85="Y",0,Assumptions!$B$3)),"") -> 1.804 | W85: =IF(ISNUMBER($T85),$Q85*$T85/Assumptions!$B$4,"") -> 3.806 | X85: =IF(ISNUMBER($U85),$R85*$U85/Assumptions!$B$5,"") -> 3.674 | Y85: =IF(ISNUMBER($V85),$S85*$V85/Assumptions!$B$6,"") -> 3.608 | Z85: =$A85&"|"&IF(ISNUMBER($W85),TEXT($W85,"0.0000"),"x")&"|"&$L85 -> SW2|3.8060|Y | AA85: =$A85&"|"&IF(ISNUMBER($Y85),TEXT($Y85,"0.0000"),"x")&"|"&$L85 -> SW2|3.6080|Y
A86: SW2 | B86: Jaycar | C86: SS0834 | D86: 1 | E86: 2 | F86: 10 | G86: 1.8 | H86: 25 | I86: 1.6 | J86: Y | K86: not shown (store select) | L86: Y | M86: 2026-10-24 | N86: https://jaycar.com.au/p/SS0834 | O86: SPDT micro slide switch, 0.1 in pitch PCB pins (breadboard). Tiers 10-24 $1.80, 25+ $1.60. GST not stated on page (treated as incl.). | P86: =IFERROR(VLOOKUP($A86,BOM!$A$2:$E$54,5,0),0) -> 2 | Q86: =CEILING($P86*Assumptions!$B$4/$D86,1) -> 2 | R86: =CEILING($P86*Assumptions!$B$5/$D86,1) -> 20 | S86: =CEILING($P86*Assumptions!$B$6/$D86,1) -> 200 | T86: =IF(ISNUMBER($E86),IF(AND(ISNUMBER($I86),ISNUMBER($H86)),IF($H86<=$Q86,$I86,IF(AND(ISNUMBER($G86),ISNUMBER($F86)),IF($F86<=$Q86,$G86,$E86),$E86)),IF(AND(ISNUMBER($G86),ISNUMBER($F86)),IF($F86<=$Q86,$G86,$E86),$E86))*(1+IF($J86="Y",0,Assumptions!$B$3)),"") -> 2 | U86: =IF(ISNUMBER($E86),IF(AND(ISNUMBER($I86),ISNUMBER($H86)),IF($H86<=$R86,$I86,IF(AND(ISNUMBER($G86),ISNUMBER($F86)),IF($F86<=$R86,$G86,$E86),$E86)),IF(AND(ISNUMBER($G86),ISNUMBER($F86)),IF($F86<=$R86,$G86,$E86),$E86))*(1+IF($J86="Y",0,Assumptions!$B$3)),"") -> 1.8 | V86: =IF(ISNUMBER($E86),IF(AND(ISNUMBER($I86),ISNUMBER($H86)),IF($H86<=$S86,$I86,IF(AND(ISNUMBER($G86),ISNUMBER($F86)),IF($F86<=$S86,$G86,$E86),$E86)),IF(AND(ISNUMBER($G86),ISNUMBER($F86)),IF($F86<=$S86,$G86,$E86),$E86))*(1+IF($J86="Y",0,Assumptions!$B$3)),"") -> 1.6 | W86: =IF(ISNUMBER($T86),$Q86*$T86/Assumptions!$B$4,"") -> 4 | X86: =IF(ISNUMBER($U86),$R86*$U86/Assumptions!$B$5,"") -> 3.6 | Y86: =IF(ISNUMBER($V86),$S86*$V86/Assumptions!$B$6,"") -> 3.2 | Z86: =$A86&"|"&IF(ISNUMBER($W86),TEXT($W86,"0.0000"),"x")&"|"&$L86 -> SW2|4.0000|Y | AA86: =$A86&"|"&IF(ISNUMBER($Y86),TEXT($Y86,"0.0000"),"x")&"|"&$L86 -> SW2|3.2000|Y
A87: SW3 | B87: Core Electronics | C87: COM-08034 | D87: 1 | E87: 3.36 | F87: 5 | G87: 3.26 | H87: 100 | I87: 3.06 | J87: N | K87: 6 local, up to 500 in 5-11 days | L87: Y | M87: 2026-10-24 | N87: https://core-electronics.com.au/dip-switch-8-position.html | O87: SparkFun 8-position DIP, 0.1 in pins. Breaks 5+/25+/100+ = 3.26/3.20/3.06. $3.70 inc GST. Core Electronics: q1 and breaks recorded ex GST (page shows q1 inc GST as well). | P87: =IFERROR(VLOOKUP($A87,BOM!$A$2:$E$54,5,0),0) -> 3 | Q87: =CEILING($P87*Assumptions!$B$4/$D87,1) -> 3 | R87: =CEILING($P87*Assumptions!$B$5/$D87,1) -> 30 | S87: =CEILING($P87*Assumptions!$B$6/$D87,1) -> 300 | T87: =IF(ISNUMBER($E87),IF(AND(ISNUMBER($I87),ISNUMBER($H87)),IF($H87<=$Q87,$I87,IF(AND(ISNUMBER($G87),ISNUMBER($F87)),IF($F87<=$Q87,$G87,$E87),$E87)),IF(AND(ISNUMBER($G87),ISNUMBER($F87)),IF($F87<=$Q87,$G87,$E87),$E87))*(1+IF($J87="Y",0,Assumptions!$B$3)),"") -> 3.696 | U87: =IF(ISNUMBER($E87),IF(AND(ISNUMBER($I87),ISNUMBER($H87)),IF($H87<=$R87,$I87,IF(AND(ISNUMBER($G87),ISNUMBER($F87)),IF($F87<=$R87,$G87,$E87),$E87)),IF(AND(ISNUMBER($G87),ISNUMBER($F87)),IF($F87<=$R87,$G87,$E87),$E87))*(1+IF($J87="Y",0,Assumptions!$B$3)),"") -> 3.586 | V87: =IF(ISNUMBER($E87),IF(AND(ISNUMBER($I87),ISNUMBER($H87)),IF($H87<=$S87,$I87,IF(AND(ISNUMBER($G87),ISNUMBER($F87)),IF($F87<=$S87,$G87,$E87),$E87)),IF(AND(ISNUMBER($G87),ISNUMBER($F87)),IF($F87<=$S87,$G87,$E87),$E87))*(1+IF($J87="Y",0,Assumptions!$B$3)),"") -> 3.366 | W87: =IF(ISNUMBER($T87),$Q87*$T87/Assumptions!$B$4,"") -> 11.088 | X87: =IF(ISNUMBER($U87),$R87*$U87/Assumptions!$B$5,"") -> 10.758 | Y87: =IF(ISNUMBER($V87),$S87*$V87/Assumptions!$B$6,"") -> 10.098 | Z87: =$A87&"|"&IF(ISNUMBER($W87),TEXT($W87,"0.0000"),"x")&"|"&$L87 -> SW3|11.0880|Y | AA87: =$A87&"|"&IF(ISNUMBER($Y87),TEXT($Y87,"0.0000"),"x")&"|"&$L87 -> SW3|10.0980|Y
A88: SW3 | B88: Jaycar | C88: SM1024 | D88: 1 | E88: 3.6 | J88: Y | K88: not shown (store select) | L88: Y | M88: 2026-10-24 | N88: https://jaycar.com.au/p/SM1024 | O88: 8-way DIL switch, 16-pin DIL package. Jaycar page price; GST not stated on page (retail shelf price, treated as incl. GST). Stock needs store selection; bulk tiers not shown. | P88: =IFERROR(VLOOKUP($A88,BOM!$A$2:$E$54,5,0),0) -> 3 | Q88: =CEILING($P88*Assumptions!$B$4/$D88,1) -> 3 | R88: =CEILING($P88*Assumptions!$B$5/$D88,1) -> 30 | S88: =CEILING($P88*Assumptions!$B$6/$D88,1) -> 300 | T88: =IF(ISNUMBER($E88),IF(AND(ISNUMBER($I88),ISNUMBER($H88)),IF($H88<=$Q88,$I88,IF(AND(ISNUMBER($G88),ISNUMBER($F88)),IF($F88<=$Q88,$G88,$E88),$E88)),IF(AND(ISNUMBER($G88),ISNUMBER($F88)),IF($F88<=$Q88,$G88,$E88),$E88))*(1+IF($J88="Y",0,Assumptions!$B$3)),"") -> 3.6 | U88: =IF(ISNUMBER($E88),IF(AND(ISNUMBER($I88),ISNUMBER($H88)),IF($H88<=$R88,$I88,IF(AND(ISNUMBER($G88),ISNUMBER($F88)),IF($F88<=$R88,$G88,$E88),$E88)),IF(AND(ISNUMBER($G88),ISNUMBER($F88)),IF($F88<=$R88,$G88,$E88),$E88))*(1+IF($J88="Y",0,Assumptions!$B$3)),"") -> 3.6 | V88: =IF(ISNUMBER($E88),IF(AND(ISNUMBER($I88),ISNUMBER($H88)),IF($H88<=$S88,$I88,IF(AND(ISNUMBER($G88),ISNUMBER($F88)),IF($F88<=$S88,$G88,$E88),$E88)),IF(AND(ISNUMBER($G88),ISNUMBER($F88)),IF($F88<=$S88,$G88,$E88),$E88))*(1+IF($J88="Y",0,Assumptions!$B$3)),"") -> 3.6 | W88: =IF(ISNUMBER($T88),$Q88*$T88/Assumptions!$B$4,"") -> 10.8 | X88: =IF(ISNUMBER($U88),$R88*$U88/Assumptions!$B$5,"") -> 10.8 | Y88: =IF(ISNUMBER($V88),$S88*$V88/Assumptions!$B$6,"") -> 10.8 | Z88: =$A88&"|"&IF(ISNUMBER($W88),TEXT($W88,"0.0000"),"x")&"|"&$L88 -> SW3|10.8000|Y | AA88: =$A88&"|"&IF(ISNUMBER($Y88),TEXT($Y88,"0.0000"),"x")&"|"&$L88 -> SW3|10.8000|Y
A89: SW4 | B89: Jaycar | C89: SM1020 | D89: 1 | E89: 2.95 | J89: Y | K89: not shown (store select) | L89: Y | M89: 2026-10-24 | N89: https://jaycar.com.au/p/SM1020 | O89: 4-way DIL switch, 8-pin DIL package. Jaycar page price; GST not stated on page (retail shelf price, treated as incl. GST). Stock needs store selection; bulk tiers not shown. | P89: =IFERROR(VLOOKUP($A89,BOM!$A$2:$E$54,5,0),0) -> 1 | Q89: =CEILING($P89*Assumptions!$B$4/$D89,1) -> 1 | R89: =CEILING($P89*Assumptions!$B$5/$D89,1) -> 10 | S89: =CEILING($P89*Assumptions!$B$6/$D89,1) -> 100 | T89: =IF(ISNUMBER($E89),IF(AND(ISNUMBER($I89),ISNUMBER($H89)),IF($H89<=$Q89,$I89,IF(AND(ISNUMBER($G89),ISNUMBER($F89)),IF($F89<=$Q89,$G89,$E89),$E89)),IF(AND(ISNUMBER($G89),ISNUMBER($F89)),IF($F89<=$Q89,$G89,$E89),$E89))*(1+IF($J89="Y",0,Assumptions!$B$3)),"") -> 2.95 | U89: =IF(ISNUMBER($E89),IF(AND(ISNUMBER($I89),ISNUMBER($H89)),IF($H89<=$R89,$I89,IF(AND(ISNUMBER($G89),ISNUMBER($F89)),IF($F89<=$R89,$G89,$E89),$E89)),IF(AND(ISNUMBER($G89),ISNUMBER($F89)),IF($F89<=$R89,$G89,$E89),$E89))*(1+IF($J89="Y",0,Assumptions!$B$3)),"") -> 2.95 | V89: =IF(ISNUMBER($E89),IF(AND(ISNUMBER($I89),ISNUMBER($H89)),IF($H89<=$S89,$I89,IF(AND(ISNUMBER($G89),ISNUMBER($F89)),IF($F89<=$S89,$G89,$E89),$E89)),IF(AND(ISNUMBER($G89),ISNUMBER($F89)),IF($F89<=$S89,$G89,$E89),$E89))*(1+IF($J89="Y",0,Assumptions!$B$3)),"") -> 2.95 | W89: =IF(ISNUMBER($T89),$Q89*$T89/Assumptions!$B$4,"") -> 2.95 | X89: =IF(ISNUMBER($U89),$R89*$U89/Assumptions!$B$5,"") -> 2.95 | Y89: =IF(ISNUMBER($V89),$S89*$V89/Assumptions!$B$6,"") -> 2.95 | Z89: =$A89&"|"&IF(ISNUMBER($W89),TEXT($W89,"0.0000"),"x")&"|"&$L89 -> SW4|2.9500|Y | AA89: =$A89&"|"&IF(ISNUMBER($Y89),TEXT($Y89,"0.0000"),"x")&"|"&$L89 -> SW4|2.9500|Y
A90: SW4 | B90: Wiltronics | C90: SW3004 | D90: 1 | E90: 1.9 | F90: 10 | G90: 1.65 | H90: 25 | I90: 1.5 | J90: Y | K90: not shown | L90: Y | M90: 2026-10-24 | N90: https://www.wiltronics.com.au/product/3336/4-way-dil-switch/ | O90: 4-way DIL switch. Page states incl GST. Not on preferred list (Australian retailer); Core and Altronics 4-way not found/fetchable. Protostack SW-DIP-4 also $1.70, 41 in stock. | P90: =IFERROR(VLOOKUP($A90,BOM!$A$2:$E$54,5,0),0) -> 1 | Q90: =CEILING($P90*Assumptions!$B$4/$D90,1) -> 1 | R90: =CEILING($P90*Assumptions!$B$5/$D90,1) -> 10 | S90: =CEILING($P90*Assumptions!$B$6/$D90,1) -> 100 | T90: =IF(ISNUMBER($E90),IF(AND(ISNUMBER($I90),ISNUMBER($H90)),IF($H90<=$Q90,$I90,IF(AND(ISNUMBER($G90),ISNUMBER($F90)),IF($F90<=$Q90,$G90,$E90),$E90)),IF(AND(ISNUMBER($G90),ISNUMBER($F90)),IF($F90<=$Q90,$G90,$E90),$E90))*(1+IF($J90="Y",0,Assumptions!$B$3)),"") -> 1.9 | U90: =IF(ISNUMBER($E90),IF(AND(ISNUMBER($I90),ISNUMBER($H90)),IF($H90<=$R90,$I90,IF(AND(ISNUMBER($G90),ISNUMBER($F90)),IF($F90<=$R90,$G90,$E90),$E90)),IF(AND(ISNUMBER($G90),ISNUMBER($F90)),IF($F90<=$R90,$G90,$E90),$E90))*(1+IF($J90="Y",0,Assumptions!$B$3)),"") -> 1.65 | V90: =IF(ISNUMBER($E90),IF(AND(ISNUMBER($I90),ISNUMBER($H90)),IF($H90<=$S90,$I90,IF(AND(ISNUMBER($G90),ISNUMBER($F90)),IF($F90<=$S90,$G90,$E90),$E90)),IF(AND(ISNUMBER($G90),ISNUMBER($F90)),IF($F90<=$S90,$G90,$E90),$E90))*(1+IF($J90="Y",0,Assumptions!$B$3)),"") -> 1.5 | W90: =IF(ISNUMBER($T90),$Q90*$T90/Assumptions!$B$4,"") -> 1.9 | X90: =IF(ISNUMBER($U90),$R90*$U90/Assumptions!$B$5,"") -> 1.65 | Y90: =IF(ISNUMBER($V90),$S90*$V90/Assumptions!$B$6,"") -> 1.5 | Z90: =$A90&"|"&IF(ISNUMBER($W90),TEXT($W90,"0.0000"),"x")&"|"&$L90 -> SW4|1.9000|Y | AA90: =$A90&"|"&IF(ISNUMBER($Y90),TEXT($Y90,"0.0000"),"x")&"|"&$L90 -> SW4|1.5000|Y
A91: BB01 | B91: Core Electronics | C91: CE00304 | D91: 1 | E91: 3.59 | F91: 25 | G91: 3.41 | H91: 100 | I91: 3.05 | J91: N | K91: 355 local, up to 300 in 8-12 days | L91: Y | M91: 2026-10-24 | N91: https://core-electronics.com.au/solderless-breadboard-830-tie-point-zy-102.html | O91: ZY-102 830 tie-point. Breaks 25+/50+/100+ = 3.41/3.24/3.05 (no 10 break). $3.95 inc GST. Core Electronics: q1 and breaks recorded ex GST (page shows q1 inc GST as well). | P91: =IFERROR(VLOOKUP($A91,BOM!$A$2:$E$54,5,0),0) -> 18 | Q91: =CEILING($P91*Assumptions!$B$4/$D91,1) -> 18 | R91: =CEILING($P91*Assumptions!$B$5/$D91,1) -> 180 | S91: =CEILING($P91*Assumptions!$B$6/$D91,1) -> 1800 | T91: =IF(ISNUMBER($E91),IF(AND(ISNUMBER($I91),ISNUMBER($H91)),IF($H91<=$Q91,$I91,IF(AND(ISNUMBER($G91),ISNUMBER($F91)),IF($F91<=$Q91,$G91,$E91),$E91)),IF(AND(ISNUMBER($G91),ISNUMBER($F91)),IF($F91<=$Q91,$G91,$E91),$E91))*(1+IF($J91="Y",0,Assumptions!$B$3)),"") -> 3.949 | U91: =IF(ISNUMBER($E91),IF(AND(ISNUMBER($I91),ISNUMBER($H91)),IF($H91<=$R91,$I91,IF(AND(ISNUMBER($G91),ISNUMBER($F91)),IF($F91<=$R91,$G91,$E91),$E91)),IF(AND(ISNUMBER($G91),ISNUMBER($F91)),IF($F91<=$R91,$G91,$E91),$E91))*(1+IF($J91="Y",0,Assumptions!$B$3)),"") -> 3.355 | V91: =IF(ISNUMBER($E91),IF(AND(ISNUMBER($I91),ISNUMBER($H91)),IF($H91<=$S91,$I91,IF(AND(ISNUMBER($G91),ISNUMBER($F91)),IF($F91<=$S91,$G91,$E91),$E91)),IF(AND(ISNUMBER($G91),ISNUMBER($F91)),IF($F91<=$S91,$G91,$E91),$E91))*(1+IF($J91="Y",0,Assumptions!$B$3)),"") -> 3.355 | W91: =IF(ISNUMBER($T91),$Q91*$T91/Assumptions!$B$4,"") -> 71.082 | X91: =IF(ISNUMBER($U91),$R91*$U91/Assumptions!$B$5,"") -> 60.39 | Y91: =IF(ISNUMBER($V91),$S91*$V91/Assumptions!$B$6,"") -> 60.39 | Z91: =$A91&"|"&IF(ISNUMBER($W91),TEXT($W91,"0.0000"),"x")&"|"&$L91 -> BB01|71.0820|Y | AA91: =$A91&"|"&IF(ISNUMBER($Y91),TEXT($Y91,"0.0000"),"x")&"|"&$L91 -> BB01|60.3900|Y
A92: BB01 | B92: Jaycar | C92: PB8815 | D92: 1 | E92: 20.95 | F92: 6 | G92: 16.45 | J92: Y | K92: not shown (store select) | L92: Y | M92: 2026-10-24 | N92: https://jaycar.com.au/p/PB8815 | O92: 830 tie-point breadboard. Tiers: 5 $18.45, 6+ $16.45. GST not stated on page (treated as incl.). | P92: =IFERROR(VLOOKUP($A92,BOM!$A$2:$E$54,5,0),0) -> 18 | Q92: =CEILING($P92*Assumptions!$B$4/$D92,1) -> 18 | R92: =CEILING($P92*Assumptions!$B$5/$D92,1) -> 180 | S92: =CEILING($P92*Assumptions!$B$6/$D92,1) -> 1800 | T92: =IF(ISNUMBER($E92),IF(AND(ISNUMBER($I92),ISNUMBER($H92)),IF($H92<=$Q92,$I92,IF(AND(ISNUMBER($G92),ISNUMBER($F92)),IF($F92<=$Q92,$G92,$E92),$E92)),IF(AND(ISNUMBER($G92),ISNUMBER($F92)),IF($F92<=$Q92,$G92,$E92),$E92))*(1+IF($J92="Y",0,Assumptions!$B$3)),"") -> 16.45 | U92: =IF(ISNUMBER($E92),IF(AND(ISNUMBER($I92),ISNUMBER($H92)),IF($H92<=$R92,$I92,IF(AND(ISNUMBER($G92),ISNUMBER($F92)),IF($F92<=$R92,$G92,$E92),$E92)),IF(AND(ISNUMBER($G92),ISNUMBER($F92)),IF($F92<=$R92,$G92,$E92),$E92))*(1+IF($J92="Y",0,Assumptions!$B$3)),"") -> 16.45 | V92: =IF(ISNUMBER($E92),IF(AND(ISNUMBER($I92),ISNUMBER($H92)),IF($H92<=$S92,$I92,IF(AND(ISNUMBER($G92),ISNUMBER($F92)),IF($F92<=$S92,$G92,$E92),$E92)),IF(AND(ISNUMBER($G92),ISNUMBER($F92)),IF($F92<=$S92,$G92,$E92),$E92))*(1+IF($J92="Y",0,Assumptions!$B$3)),"") -> 16.45 | W92: =IF(ISNUMBER($T92),$Q92*$T92/Assumptions!$B$4,"") -> 296.1 | X92: =IF(ISNUMBER($U92),$R92*$U92/Assumptions!$B$5,"") -> 296.1 | Y92: =IF(ISNUMBER($V92),$S92*$V92/Assumptions!$B$6,"") -> 296.1 | Z92: =$A92&"|"&IF(ISNUMBER($W92),TEXT($W92,"0.0000"),"x")&"|"&$L92 -> BB01|296.1000|Y | AA92: =$A92&"|"&IF(ISNUMBER($Y92),TEXT($Y92,"0.0000"),"x")&"|"&$L92 -> BB01|296.1000|Y
A93: W01 | B93: Altronics | C93: W2430 | D93: 1 | E93: 26.95 | F93: 4 | G93: 21.75 | J93: Y | K93: not shown | L93: N | M93: 2026-10-24 | N93: https://www.altronics.com.au/product/w2430-solid-core-05mm-6-colour-hobby-wire-pack | O93: 0.5 mm (about 24 AWG), not 22 AWG. Solid core 0.5 mm (approx 24 AWG, not 22 AWG) 6-colour hobby wire pack, 10 m each. Breaks 2+ $24.25, 4+ $21.75. Price read from altronics search page sr=W2430; incl GST per page. Jaycar WH3032 (24 AWG, 5 colours, $8.25) also seen. | P93: =IFERROR(VLOOKUP($A93,BOM!$A$2:$E$54,5,0),0) -> 3 | Q93: =CEILING($P93*Assumptions!$B$4/$D93,1) -> 3 | R93: =CEILING($P93*Assumptions!$B$5/$D93,1) -> 30 | S93: =CEILING($P93*Assumptions!$B$6/$D93,1) -> 300 | T93: =IF(ISNUMBER($E93),IF(AND(ISNUMBER($I93),ISNUMBER($H93)),IF($H93<=$Q93,$I93,IF(AND(ISNUMBER($G93),ISNUMBER($F93)),IF($F93<=$Q93,$G93,$E93),$E93)),IF(AND(ISNUMBER($G93),ISNUMBER($F93)),IF($F93<=$Q93,$G93,$E93),$E93))*(1+IF($J93="Y",0,Assumptions!$B$3)),"") -> 26.95 | U93: =IF(ISNUMBER($E93),IF(AND(ISNUMBER($I93),ISNUMBER($H93)),IF($H93<=$R93,$I93,IF(AND(ISNUMBER($G93),ISNUMBER($F93)),IF($F93<=$R93,$G93,$E93),$E93)),IF(AND(ISNUMBER($G93),ISNUMBER($F93)),IF($F93<=$R93,$G93,$E93),$E93))*(1+IF($J93="Y",0,Assumptions!$B$3)),"") -> 21.75 | V93: =IF(ISNUMBER($E93),IF(AND(ISNUMBER($I93),ISNUMBER($H93)),IF($H93<=$S93,$I93,IF(AND(ISNUMBER($G93),ISNUMBER($F93)),IF($F93<=$S93,$G93,$E93),$E93)),IF(AND(ISNUMBER($G93),ISNUMBER($F93)),IF($F93<=$S93,$G93,$E93),$E93))*(1+IF($J93="Y",0,Assumptions!$B$3)),"") -> 21.75 | W93: =IF(ISNUMBER($T93),$Q93*$T93/Assumptions!$B$4,"") -> 80.85 | X93: =IF(ISNUMBER($U93),$R93*$U93/Assumptions!$B$5,"") -> 65.25 | Y93: =IF(ISNUMBER($V93),$S93*$V93/Assumptions!$B$6,"") -> 65.25 | Z93: =$A93&"|"&IF(ISNUMBER($W93),TEXT($W93,"0.0000"),"x")&"|"&$L93 -> W01|80.8500|N | AA93: =$A93&"|"&IF(ISNUMBER($Y93),TEXT($Y93,"0.0000"),"x")&"|"&$L93 -> W01|65.2500|N
A94: W01 | B94: Core Electronics | C94: PRT-11367 | D94: 1 | E94: 48.91 | F94: 5 | G94: 47.45 | H94: 100 | I94: 44.51 | J94: N | K94: 13 local | L94: Y | M94: 2026-10-24 | N94: https://core-electronics.com.au/hook-up-wire-assortment-solid-core-22-awg.html | O94: SparkFun 22 AWG solid core, 6 colours x 25 ft (7.6 m) in dispenser box. Breaks 5+/25+/100+ = 47.45/46.46/44.51. $53.80 inc GST. Core Electronics: q1 and breaks recorded ex GST (page shows q1 inc GST as well). | P94: =IFERROR(VLOOKUP($A94,BOM!$A$2:$E$54,5,0),0) -> 3 | Q94: =CEILING($P94*Assumptions!$B$4/$D94,1) -> 3 | R94: =CEILING($P94*Assumptions!$B$5/$D94,1) -> 30 | S94: =CEILING($P94*Assumptions!$B$6/$D94,1) -> 300 | T94: =IF(ISNUMBER($E94),IF(AND(ISNUMBER($I94),ISNUMBER($H94)),IF($H94<=$Q94,$I94,IF(AND(ISNUMBER($G94),ISNUMBER($F94)),IF($F94<=$Q94,$G94,$E94),$E94)),IF(AND(ISNUMBER($G94),ISNUMBER($F94)),IF($F94<=$Q94,$G94,$E94),$E94))*(1+IF($J94="Y",0,Assumptions!$B$3)),"") -> 53.801 | U94: =IF(ISNUMBER($E94),IF(AND(ISNUMBER($I94),ISNUMBER($H94)),IF($H94<=$R94,$I94,IF(AND(ISNUMBER($G94),ISNUMBER($F94)),IF($F94<=$R94,$G94,$E94),$E94)),IF(AND(ISNUMBER($G94),ISNUMBER($F94)),IF($F94<=$R94,$G94,$E94),$E94))*(1+IF($J94="Y",0,Assumptions!$B$3)),"") -> 52.195 | V94: =IF(ISNUMBER($E94),IF(AND(ISNUMBER($I94),ISNUMBER($H94)),IF($H94<=$S94,$I94,IF(AND(ISNUMBER($G94),ISNUMBER($F94)),IF($F94<=$S94,$G94,$E94),$E94)),IF(AND(ISNUMBER($G94),ISNUMBER($F94)),IF($F94<=$S94,$G94,$E94),$E94))*(1+IF($J94="Y",0,Assumptions!$B$3)),"") -> 48.961 | W94: =IF(ISNUMBER($T94),$Q94*$T94/Assumptions!$B$4,"") -> 161.403 | X94: =IF(ISNUMBER($U94),$R94*$U94/Assumptions!$B$5,"") -> 156.585 | Y94: =IF(ISNUMBER($V94),$S94*$V94/Assumptions!$B$6,"") -> 146.883 | Z94: =$A94&"|"&IF(ISNUMBER($W94),TEXT($W94,"0.0000"),"x")&"|"&$L94 -> W01|161.4030|Y | AA94: =$A94&"|"&IF(ISNUMBER($Y94),TEXT($Y94,"0.0000"),"x")&"|"&$L94 -> W01|146.8830|Y
A95: W02 | B95: Core Electronics | C95: ADA2986 | D95: 1 | E95: 9.27 | F95: 10 | G95: 8.99 | H95: 50 | I95: 8.81 | J95: N | K95: out of stock on the day | L95: Y | M95: 2026-10-30 | N95: https://core-electronics.com.au/solid-core-wire-spool-25ft-22awg-orange.html | O95: Adafruit solid-core wire spool, 25 ft, 22 AWG, orange. $10.20 inc GST; breaks 10+ 8.99, 50+ 8.81 ex GST. Recorded ex GST. | P95: =IFERROR(VLOOKUP($A95,BOM!$A$2:$E$54,5,0),0) -> 1 | Q95: =CEILING($P95*Assumptions!$B$4/$D95,1) -> 1 | R95: =CEILING($P95*Assumptions!$B$5/$D95,1) -> 10 | S95: =CEILING($P95*Assumptions!$B$6/$D95,1) -> 100 | T95: =IF(ISNUMBER($E95),IF(AND(ISNUMBER($I95),ISNUMBER($H95)),IF($H95<=$Q95,$I95,IF(AND(ISNUMBER($G95),ISNUMBER($F95)),IF($F95<=$Q95,$G95,$E95),$E95)),IF(AND(ISNUMBER($G95),ISNUMBER($F95)),IF($F95<=$Q95,$G95,$E95),$E95))*(1+IF($J95="Y",0,Assumptions!$B$3)),"") -> 10.197 | U95: =IF(ISNUMBER($E95),IF(AND(ISNUMBER($I95),ISNUMBER($H95)),IF($H95<=$R95,$I95,IF(AND(ISNUMBER($G95),ISNUMBER($F95)),IF($F95<=$R95,$G95,$E95),$E95)),IF(AND(ISNUMBER($G95),ISNUMBER($F95)),IF($F95<=$R95,$G95,$E95),$E95))*(1+IF($J95="Y",0,Assumptions!$B$3)),"") -> 9.889 | V95: =IF(ISNUMBER($E95),IF(AND(ISNUMBER($I95),ISNUMBER($H95)),IF($H95<=$S95,$I95,IF(AND(ISNUMBER($G95),ISNUMBER($F95)),IF($F95<=$S95,$G95,$E95),$E95)),IF(AND(ISNUMBER($G95),ISNUMBER($F95)),IF($F95<=$S95,$G95,$E95),$E95))*(1+IF($J95="Y",0,Assumptions!$B$3)),"") -> 9.691 | W95: =IF(ISNUMBER($T95),$Q95*$T95/Assumptions!$B$4,"") -> 10.197 | X95: =IF(ISNUMBER($U95),$R95*$U95/Assumptions!$B$5,"") -> 9.889 | Y95: =IF(ISNUMBER($V95),$S95*$V95/Assumptions!$B$6,"") -> 9.691 | Z95: =$A95&"|"&IF(ISNUMBER($W95),TEXT($W95,"0.0000"),"x")&"|"&$L95 -> W02|10.1970|Y | AA95: =$A95&"|"&IF(ISNUMBER($Y95),TEXT($Y95,"0.0000"),"x")&"|"&$L95 -> W02|9.6910|Y
A96: W03 | B96: RS Components Australia | C96: 842-5387 / MPN 3051/1 VI005 | D96: 30 | E96: 89.39 | F96: 50 | G96: 88.29 | H96: 250 | I96: 72.69 | J96: N | K96: 46 (ships from another location) | L96: Y | M96: 2026-10-30 | N96: https://au.rs-online.com/web/p/hook-up-wire/8425387 | O96: Alpha Wire 22 AWG solid (1/0.64 mm) PVC hook-up wire, purple, 30 m reel; prices per reel ex GST ($98.33 inc GST); breaks 50+ $88.29, 250+ $72.69. Qty per kit in metres. Alternative: Alpha 1561 VI005 (RS 277-8041, 100 ft); AUD price not read. | P96: =IFERROR(VLOOKUP($A96,BOM!$A$2:$E$54,5,0),0) -> 5 | Q96: =CEILING($P96*Assumptions!$B$4/$D96,1) -> 1 | R96: =CEILING($P96*Assumptions!$B$5/$D96,1) -> 2 | S96: =CEILING($P96*Assumptions!$B$6/$D96,1) -> 17 | T96: =IF(ISNUMBER($E96),IF(AND(ISNUMBER($I96),ISNUMBER($H96)),IF($H96<=$Q96,$I96,IF(AND(ISNUMBER($G96),ISNUMBER($F96)),IF($F96<=$Q96,$G96,$E96),$E96)),IF(AND(ISNUMBER($G96),ISNUMBER($F96)),IF($F96<=$Q96,$G96,$E96),$E96))*(1+IF($J96="Y",0,Assumptions!$B$3)),"") -> 98.329 | U96: =IF(ISNUMBER($E96),IF(AND(ISNUMBER($I96),ISNUMBER($H96)),IF($H96<=$R96,$I96,IF(AND(ISNUMBER($G96),ISNUMBER($F96)),IF($F96<=$R96,$G96,$E96),$E96)),IF(AND(ISNUMBER($G96),ISNUMBER($F96)),IF($F96<=$R96,$G96,$E96),$E96))*(1+IF($J96="Y",0,Assumptions!$B$3)),"") -> 98.329 | V96: =IF(ISNUMBER($E96),IF(AND(ISNUMBER($I96),ISNUMBER($H96)),IF($H96<=$S96,$I96,IF(AND(ISNUMBER($G96),ISNUMBER($F96)),IF($F96<=$S96,$G96,$E96),$E96)),IF(AND(ISNUMBER($G96),ISNUMBER($F96)),IF($F96<=$S96,$G96,$E96),$E96))*(1+IF($J96="Y",0,Assumptions!$B$3)),"") -> 98.329 | W96: =IF(ISNUMBER($T96),$Q96*$T96/Assumptions!$B$4,"") -> 98.329 | X96: =IF(ISNUMBER($U96),$R96*$U96/Assumptions!$B$5,"") -> 19.6658 | Y96: =IF(ISNUMBER($V96),$S96*$V96/Assumptions!$B$6,"") -> 16.71593 | Z96: =$A96&"|"&IF(ISNUMBER($W96),TEXT($W96,"0.0000"),"x")&"|"&$L96 -> W03|98.3290|Y | AA96: =$A96&"|"&IF(ISNUMBER($Y96),TEXT($Y96,"0.0000"),"x")&"|"&$L96 -> W03|16.7159|Y
A97: W04 | B97: Core Electronics | C97: ADA2988 | D97: 1 | E97: 7.59 | F97: 10 | G97: 7.36 | H97: 50 | I97: 7.21 | J97: N | K97: 4 local, 37 more in 8-12 days | L97: Y | M97: 2026-10-30 | N97: https://core-electronics.com.au/solid-core-wire-spool-25ft-22awg-green.html | O97: Adafruit solid-core wire spool, 25 ft, 22 AWG, green. $8.35 inc GST; breaks 10+ 7.36, 50+ 7.21 ex GST. Recorded ex GST. | P97: =IFERROR(VLOOKUP($A97,BOM!$A$2:$E$54,5,0),0) -> 2 | Q97: =CEILING($P97*Assumptions!$B$4/$D97,1) -> 2 | R97: =CEILING($P97*Assumptions!$B$5/$D97,1) -> 20 | S97: =CEILING($P97*Assumptions!$B$6/$D97,1) -> 200 | T97: =IF(ISNUMBER($E97),IF(AND(ISNUMBER($I97),ISNUMBER($H97)),IF($H97<=$Q97,$I97,IF(AND(ISNUMBER($G97),ISNUMBER($F97)),IF($F97<=$Q97,$G97,$E97),$E97)),IF(AND(ISNUMBER($G97),ISNUMBER($F97)),IF($F97<=$Q97,$G97,$E97),$E97))*(1+IF($J97="Y",0,Assumptions!$B$3)),"") -> 8.349 | U97: =IF(ISNUMBER($E97),IF(AND(ISNUMBER($I97),ISNUMBER($H97)),IF($H97<=$R97,$I97,IF(AND(ISNUMBER($G97),ISNUMBER($F97)),IF($F97<=$R97,$G97,$E97),$E97)),IF(AND(ISNUMBER($G97),ISNUMBER($F97)),IF($F97<=$R97,$G97,$E97),$E97))*(1+IF($J97="Y",0,Assumptions!$B$3)),"") -> 8.096 | V97: =IF(ISNUMBER($E97),IF(AND(ISNUMBER($I97),ISNUMBER($H97)),IF($H97<=$S97,$I97,IF(AND(ISNUMBER($G97),ISNUMBER($F97)),IF($F97<=$S97,$G97,$E97),$E97)),IF(AND(ISNUMBER($G97),ISNUMBER($F97)),IF($F97<=$S97,$G97,$E97),$E97))*(1+IF($J97="Y",0,Assumptions!$B$3)),"") -> 7.931 | W97: =IF(ISNUMBER($T97),$Q97*$T97/Assumptions!$B$4,"") -> 16.698 | X97: =IF(ISNUMBER($U97),$R97*$U97/Assumptions!$B$5,"") -> 16.192 | Y97: =IF(ISNUMBER($V97),$S97*$V97/Assumptions!$B$6,"") -> 15.862 | Z97: =$A97&"|"&IF(ISNUMBER($W97),TEXT($W97,"0.0000"),"x")&"|"&$L97 -> W04|16.6980|Y | AA97: =$A97&"|"&IF(ISNUMBER($Y97),TEXT($Y97,"0.0000"),"x")&"|"&$L97 -> W04|15.8620|Y
A98: PS02 | B98: Core Electronics | C98: Adafruit 4090 (ADA4090) | D98: 1 | E98: 4.91 | F98: 10 | G98: 4.76 | H98: 50 | I98: 4.66 | J98: N | K98: none local; supplier lead time | L98: Y | M98: 2026-10-25 | N98: https://core-electronics.com.au/catalog/product/view/sku/ADA4090 | O98: USB-C downstream breakout; two 5.1 kOhm CC resistors ask the source for 5 V at up to 1.5 A; 8-pin 0.1 in header (GND, VBUS, SBU2, CC1, D-, D+, SBU1, CC2). $5.40 inc GST. Recorded ex GST. | P98: =IFERROR(VLOOKUP($A98,BOM!$A$2:$E$54,5,0),0) -> 1 | Q98: =CEILING($P98*Assumptions!$B$4/$D98,1) -> 1 | R98: =CEILING($P98*Assumptions!$B$5/$D98,1) -> 10 | S98: =CEILING($P98*Assumptions!$B$6/$D98,1) -> 100 | T98: =IF(ISNUMBER($E98),IF(AND(ISNUMBER($I98),ISNUMBER($H98)),IF($H98<=$Q98,$I98,IF(AND(ISNUMBER($G98),ISNUMBER($F98)),IF($F98<=$Q98,$G98,$E98),$E98)),IF(AND(ISNUMBER($G98),ISNUMBER($F98)),IF($F98<=$Q98,$G98,$E98),$E98))*(1+IF($J98="Y",0,Assumptions!$B$3)),"") -> 5.401 | U98: =IF(ISNUMBER($E98),IF(AND(ISNUMBER($I98),ISNUMBER($H98)),IF($H98<=$R98,$I98,IF(AND(ISNUMBER($G98),ISNUMBER($F98)),IF($F98<=$R98,$G98,$E98),$E98)),IF(AND(ISNUMBER($G98),ISNUMBER($F98)),IF($F98<=$R98,$G98,$E98),$E98))*(1+IF($J98="Y",0,Assumptions!$B$3)),"") -> 5.236 | V98: =IF(ISNUMBER($E98),IF(AND(ISNUMBER($I98),ISNUMBER($H98)),IF($H98<=$S98,$I98,IF(AND(ISNUMBER($G98),ISNUMBER($F98)),IF($F98<=$S98,$G98,$E98),$E98)),IF(AND(ISNUMBER($G98),ISNUMBER($F98)),IF($F98<=$S98,$G98,$E98),$E98))*(1+IF($J98="Y",0,Assumptions!$B$3)),"") -> 5.126 | W98: =IF(ISNUMBER($T98),$Q98*$T98/Assumptions!$B$4,"") -> 5.401 | X98: =IF(ISNUMBER($U98),$R98*$U98/Assumptions!$B$5,"") -> 5.236 | Y98: =IF(ISNUMBER($V98),$S98*$V98/Assumptions!$B$6,"") -> 5.126 | Z98: =$A98&"|"&IF(ISNUMBER($W98),TEXT($W98,"0.0000"),"x")&"|"&$L98 -> PS02|5.4010|Y | AA98: =$A98&"|"&IF(ISNUMBER($Y98),TEXT($Y98,"0.0000"),"x")&"|"&$L98 -> PS02|5.1260|Y
A99: F01 | B99: RS Components Australia | C99: 517-6770 / MPN RUEF110 | D99: 10 | E99: 5.54 | H99: 150 | I99: 5.49 | J99: N | K99: 1 pack of 10 in stock; more from 23 and 30 Oct 2026 | L99: Y | M99: 2026-10-24 | N99: https://au.rs-online.com/web/p/resettable-fuses/5176770 | O99: Littelfuse RUEF110, 1.1 A hold, 30 V radial; pack of 10, prices per pack ex GST ($6.09 inc GST); break 150+ units = $5.49/pack. Not on preferred list; Mouser/DigiKey AU pages did not return price. | P99: =IFERROR(VLOOKUP($A99,BOM!$A$2:$E$54,5,0),0) -> 1 | Q99: =CEILING($P99*Assumptions!$B$4/$D99,1) -> 1 | R99: =CEILING($P99*Assumptions!$B$5/$D99,1) -> 1 | S99: =CEILING($P99*Assumptions!$B$6/$D99,1) -> 10 | T99: =IF(ISNUMBER($E99),IF(AND(ISNUMBER($I99),ISNUMBER($H99)),IF($H99<=$Q99,$I99,IF(AND(ISNUMBER($G99),ISNUMBER($F99)),IF($F99<=$Q99,$G99,$E99),$E99)),IF(AND(ISNUMBER($G99),ISNUMBER($F99)),IF($F99<=$Q99,$G99,$E99),$E99))*(1+IF($J99="Y",0,Assumptions!$B$3)),"") -> 6.094 | U99: =IF(ISNUMBER($E99),IF(AND(ISNUMBER($I99),ISNUMBER($H99)),IF($H99<=$R99,$I99,IF(AND(ISNUMBER($G99),ISNUMBER($F99)),IF($F99<=$R99,$G99,$E99),$E99)),IF(AND(ISNUMBER($G99),ISNUMBER($F99)),IF($F99<=$R99,$G99,$E99),$E99))*(1+IF($J99="Y",0,Assumptions!$B$3)),"") -> 6.094 | V99: =IF(ISNUMBER($E99),IF(AND(ISNUMBER($I99),ISNUMBER($H99)),IF($H99<=$S99,$I99,IF(AND(ISNUMBER($G99),ISNUMBER($F99)),IF($F99<=$S99,$G99,$E99),$E99)),IF(AND(ISNUMBER($G99),ISNUMBER($F99)),IF($F99<=$S99,$G99,$E99),$E99))*(1+IF($J99="Y",0,Assumptions!$B$3)),"") -> 6.094 | W99: =IF(ISNUMBER($T99),$Q99*$T99/Assumptions!$B$4,"") -> 6.094 | X99: =IF(ISNUMBER($U99),$R99*$U99/Assumptions!$B$5,"") -> 0.6094 | Y99: =IF(ISNUMBER($V99),$S99*$V99/Assumptions!$B$6,"") -> 0.6094 | Z99: =$A99&"|"&IF(ISNUMBER($W99),TEXT($W99,"0.0000"),"x")&"|"&$L99 -> F01|6.0940|Y | AA99: =$A99&"|"&IF(ISNUMBER($Y99),TEXT($Y99,"0.0000"),"x")&"|"&$L99 -> F01|0.6094|Y
